"","X","dt","LandAverageTemperature","LandAverageTemperatureUncertainty","LandMaxTemperature","LandMaxTemperatureUncertainty","LandMinTemperature","LandMinTemperatureUncertainty","LandAndOceanAverageTemperature","LandAndOceanAverageTemperatureUncertainty","world_emission","world_emission_month_rep","world_emission_month_int","montly_co2"
"1",1,1,2.713,0.086,8.222,0.113,-2.623,0.085,13.553,0.067,9396705.835,9396705.835,9396705.835,317.092419670787
"2",2,2,3.798,0.125,9.748,0.081,-1.92,0.274,13.956,0.07,NA,9396705.835,9399847.23166667,317.523868887767
"3",3,3,4.303,0.077,10.216,0.092,-1.677,0.084,14.145,0.066,NA,9396705.835,9402988.62833333,317.891672077089
"4",4,4,8.133,0.088,13.955,0.137,2.229,0.104,15.19,0.066,NA,9396705.835,9406130.025,318.146626311347
"5",5,5,10.872,0.156,16.71,0.256,5.044,0.235,15.956,0.079,NA,9396705.835,9409271.42166667,318.048604408935
"6",6,6,13.484,0.08,19.306,0.227,7.729,0.105,16.67,0.071,NA,9396705.835,9412412.81833333,317.240655510187
"7",7,7,14.198,0.072,19.884,0.125,8.492,0.094,16.985,0.07,NA,9396705.835,9415554.215,315.633752782723
"8",8,8,13.825,0.079,19.604,0.177,8.242,0.165,16.969,0.069,NA,9396705.835,9418695.61166667,314.186425319012
"9",9,9,12.095,0.099,17.856,0.226,6.498,0.146,16.382,0.069,NA,9396705.835,9421837.00833333,314.287468665539
"10",10,10,9.497,0.063,15.235,0.089,3.8,0.118,15.456,0.068,NA,9396705.835,9424978.405,315.48313085165
"11",11,11,5.828,0.141,11.433,0.126,0.355,0.149,14.313,0.073,NA,9396705.835,9428119.80166667,316.619524214772
"12",12,12,4.259,0.056,9.64,0.144,-0.978,0.092,13.928,0.064,NA,9396705.835,9431261.19833333,317.345423941266
"13",13,13,2.926,0.089,8.38,0.176,-2.383,0.129,13.664,0.064,9434402.595,9434402.595,9434402.595,317.878948884258
"14",14,14,3.683,0.125,9.299,0.156,-1.895,0.145,14.058,0.067,NA,9434402.595,9466439.03491667,318.279217241608
"15",15,15,5.589,0.049,11.478,0.119,-0.271,0.121,14.609,0.062,NA,9434402.595,9498475.47483333,318.615171859518
"16",16,16,8.631,0.116,14.497,0.162,2.817,0.153,15.444,0.068,NA,9434402.595,9530511.91475,318.839569280505
"17",17,17,11.624,0.104,17.592,0.319,5.729,0.227,16.241,0.071,NA,9434402.595,9562548.35466667,318.712627576672
"18",18,18,13.702,0.154,19.598,0.239,7.796,0.286,16.81,0.079,NA,9434402.595,9594584.79458333,317.879695360086
"19",19,19,14.288,0.079,20.014,0.184,8.664,0.186,16.987,0.071,NA,9434402.595,9626621.2345,316.257474575208
"20",20,20,13.849,0.142,19.606,0.179,8.23,0.259,16.917,0.072,NA,9434402.595,9658657.67441667,314.806487052289
"21",21,21,12.247,0.069,17.987,0.121,6.525,0.143,16.309,0.063,NA,9434402.595,9690694.11433333,314.911688715894
"22",22,22,9.328,0.138,15.057,0.136,3.508,0.313,15.401,0.071,NA,9434402.595,9722730.55425,316.118890645727
"23",23,23,6.205,0.06,11.655,0.093,0.74,0.134,14.437,0.059,NA,9434402.595,9754766.99416667,317.271477117843
"24",24,24,3.5,0.039,9.016,0.105,-1.915,0.085,13.682,0.059,NA,9434402.595,9786803.43408333,318.016317404538
"25",25,25,3.003,0.075,8.657,0.094,-2.509,0.083,13.655,0.06,9818839.874,9818839.874,9818839.874,318.569544360066
"26",26,26,3.696,0.064,9.547,0.099,-2.045,0.216,14.003,0.059,NA,9818839.874,9863582.16333333,318.99056099241
"27",27,27,5.53,0.128,11.537,0.159,-0.416,0.218,14.522,0.069,NA,9818839.874,9908324.45266667,319.346435190311
"28",28,28,8.54,0.178,14.473,0.138,2.576,0.23,15.353,0.076,NA,9818839.874,9953066.742,319.588766640974
"29",29,29,11.128,0.062,17.04,0.152,5.195,0.131,16.041,0.068,NA,9818839.874,9997809.03133333,319.475381273961
"30",30,30,13.427,0.267,19.35,0.272,7.456,0.371,16.679,0.099,NA,9818839.874,10042551.3206667,318.650731034153
"31",31,31,14.205,0.074,20.054,0.143,8.451,0.077,16.952,0.068,NA,9818839.874,10087293.61,317.03324551296
"32",32,32,13.713,0.103,19.553,0.153,7.941,0.128,16.83,0.065,NA,9818839.874,10132035.8993333,315.582399209032
"33",33,33,12.018,0.255,17.845,0.159,6.313,0.313,16.246,0.094,NA,9818839.874,10176778.1886667,315.67994731842
"34",34,34,9.468,0.202,15.226,0.198,3.774,0.323,15.429,0.084,NA,9818839.874,10221520.478,316.873724269759
"35",35,35,6.283,0.119,11.775,0.142,0.797,0.207,14.421,0.067,NA,9818839.874,10266262.7673333,318.007532509371
"36",36,36,3.94,0.068,9.425,0.198,-1.43,0.156,13.776,0.061,NA,9818839.874,10311005.0566667,318.72928863226
"37",37,37,2.901,0.08,8.671,0.143,-2.679,0.122,13.594,0.063,10355747.346,10355747.346,10355747.346,319.257400740594
"38",38,38,4.02,0.108,9.95,0.096,-1.685,0.115,14.014,0.064,NA,10355747.346,10405018.9915,319.651224680605
"39",39,39,5.097,0.102,11.043,0.101,-0.895,0.226,14.357,0.063,NA,10355747.346,10454290.637,319.980218315165
"40",40,40,8.173,0.058,13.914,0.149,2.35,0.1,15.216,0.059,NA,10355747.346,10503562.2825,320.197687939492
"41",41,41,11.045,0.102,16.819,0.252,5.234,0.295,16.05,0.069,NA,10355747.346,10552833.928,320.061812059155
"42",42,42,13.412,0.097,19.276,0.124,7.604,0.15,16.675,0.068,NA,10355747.346,10602105.5735,319.219034426345
"43",43,43,14.506,0.098,20.229,0.104,8.797,0.243,17.089,0.077,NA,10355747.346,10651377.219,317.592653018688
"44",44,44,14.309,0.061,20.009,0.218,8.471,0.25,17.061,0.07,NA,10355747.346,10700648.8645,316.143914903476
"45",45,45,12.555,0.126,18.306,0.182,6.724,0.347,16.48,0.075,NA,10355747.346,10749920.51,316.251548189461
"46",46,46,9.943,0.099,15.716,0.165,4.326,0.109,15.587,0.074,NA,10355747.346,10799192.1555,317.462583364647
"47",47,47,6.561,0.095,12.068,0.205,1.31,0.161,14.58,0.07,NA,10355747.346,10848463.801,318.617977558912
"48",48,48,3.75,0.082,9.346,0.094,-1.666,0.071,13.817,0.068,NA,10355747.346,10897735.4465,319.363491681951
"49",49,49,2.881,0.171,8.384,0.079,-2.549,0.161,13.595,0.076,10947007.092,10947007.092,10947007.092,319.910040208685
"50",50,50,3.028,0.116,8.791,0.078,-2.613,0.161,13.73,0.064,NA,10947007.092,10987543.3323333,320.32798956587
"51",51,51,4.865,0.076,10.97,0.123,-1.152,0.183,14.256,0.062,NA,10947007.092,11028079.5726667,320.679275498715
"52",52,52,7.922,0.077,13.794,0.125,2.152,0.145,15.062,0.063,NA,10947007.092,11068615.813,320.915325078096
"53",53,53,10.905,0.084,16.801,0.221,5.202,0.139,15.856,0.066,NA,10947007.092,11109152.0533333,320.793072411261
"54",54,54,13.459,0.068,19.275,0.161,7.536,0.24,16.591,0.064,NA,10947007.092,11149688.2936667,319.956948312869
"55",55,55,14.301,0.125,20.065,0.196,8.572,0.15,16.784,0.073,NA,10947007.092,11190224.534,318.326889169707
"56",56,56,13.678,0.178,19.386,0.241,8.05,0.305,16.634,0.078,NA,10947007.092,11230760.7743333,316.862232447446
"57",57,57,11.604,0.065,17.394,0.173,6.11,0.142,16.002,0.06,NA,10947007.092,11271297.0146667,316.942837998653
"58",58,58,8.832,0.063,14.654,0.191,3.218,0.097,15.171,0.061,NA,10947007.092,11311833.255,318.117762337502
"59",59,59,5.983,0.041,11.609,0.14,0.483,0.082,14.202,0.056,NA,10947007.092,11352369.4953333,319.231227486422
"60",60,60,3.458,0.046,8.759,0.148,-1.783,0.079,13.522,0.059,NA,10947007.092,11392905.7356667,319.931935920158
"61",61,61,2.862,0.069,8.418,0.107,-2.526,0.133,13.545,0.061,11433441.976,11433441.976,11433441.976,320.437699153689
"62",62,62,3.036,0.084,8.907,0.078,-2.822,0.187,13.698,0.061,NA,11433441.976,11481442.3948333,320.812529674691
"63",63,63,5.182,0.125,11.22,0.146,-0.735,0.224,14.285,0.068,NA,11433441.976,11529442.8136667,321.125307152925
"64",64,64,7.99,0.078,13.841,0.14,2.168,0.123,15.095,0.061,NA,11433441.976,11577443.2325,321.330367594925
"65",65,65,11.222,0.174,17.168,0.32,5.262,0.456,16.007,0.079,NA,11433441.976,11625443.6513333,321.186795816817
"66",66,66,13.308,0.223,19.126,0.518,7.483,0.336,16.532,0.087,NA,11433441.976,11673444.0701667,320.342091273965
"67",67,67,14.078,0.139,19.869,0.242,8.376,0.348,16.762,0.076,NA,11433441.976,11721444.489,318.720869805377
"68",68,68,13.807,0.086,19.583,0.097,8.184,0.102,16.803,0.065,NA,11433441.976,11769444.9078333,317.285421174447
"69",69,69,11.73,0.083,17.407,0.168,6.096,0.132,16.154,0.064,NA,11433441.976,11817445.3266667,317.414888808786
"70",70,70,9.488,0.07,15.11,0.105,3.8,0.09,15.406,0.063,NA,11433441.976,11865445.7455,318.655488313315
"71",71,71,5.86,0.076,11.337,0.184,0.354,0.145,14.287,0.06,NA,11433441.976,11913446.1643333,319.846799372656
"72",72,72,3.766,0.099,9.235,0.109,-1.543,0.066,13.775,0.062,NA,11433441.976,11961446.5831667,320.633268301322
"73",73,73,2.49,0.059,8.049,0.069,-3.041,0.098,13.495,0.057,12009447.002,12009447.002,12009447.002,321.229452272446
"74",74,74,3.29,0.111,9.005,0.132,-2.421,0.151,13.81,0.062,NA,12009447.002,12041133.549,321.693902539394
"75",75,75,5.527,0.125,11.296,0.119,-0.42,0.16,14.445,0.066,NA,12009447.002,12072820.096,322.092320575393
"76",76,76,8.161,0.068,13.951,0.104,2.331,0.106,15.254,0.059,NA,12009447.002,12104506.643,322.37520746325
"77",77,77,11.2,0.064,17.07,0.213,5.189,0.171,15.987,0.061,NA,12009447.002,12136193.19,322.296903323149
"78",78,78,13.587,0.161,19.378,0.251,7.723,0.175,16.693,0.076,NA,12009447.002,12167879.737,321.501264311736
"79",79,79,14.569,0.112,20.392,0.1,8.823,0.126,17.033,0.07,NA,12009447.002,12199566.284,319.911195744582
"80",80,80,13.731,0.101,19.627,0.205,8.087,0.111,16.826,0.068,NA,12009447.002,12231252.831,318.485208903829
"81",81,81,12.133,0.107,18.028,0.085,6.482,0.135,16.273,0.069,NA,12009447.002,12262939.378,318.597815808229
"82",82,82,9.153,0.073,14.777,0.081,3.555,0.112,15.315,0.061,NA,12009447.002,12294625.925,319.798957233548
"83",83,83,5.969,0.074,11.58,0.084,0.412,0.134,14.362,0.058,NA,12009447.002,12326312.472,320.931929428908
"84",84,84,3.382,0.052,8.758,0.084,-1.927,0.13,13.683,0.057,NA,12009447.002,12357999.019,321.645358635518
"85",85,85,2.71,0.07,8.395,0.062,-2.869,0.14,13.527,0.055,12389685.566,12389685.566,12389685.566,322.154651805228
"86",86,86,2.905,0.126,8.619,0.156,-2.772,0.159,13.688,0.064,NA,12389685.566,12441977.90275,322.530835407171
"87",87,87,5.396,0.079,11.222,0.107,-0.356,0.075,14.465,0.057,NA,12389685.566,12494270.2395,322.840447467757
"88",88,88,8.458,0.11,14.376,0.146,2.5,0.228,15.3,0.061,NA,12389685.566,12546562.57625,323.038371867329
"89",89,89,11.632,0.077,17.505,0.172,5.784,0.167,16.279,0.061,NA,12389685.566,12598854.913,322.883676772636
"90",90,90,13.194,0.071,18.911,0.145,7.445,0.152,16.665,0.057,NA,12389685.566,12651147.24975,322.024528418174
"91",91,91,14.331,0.169,20.142,0.153,8.706,0.142,16.97,0.078,NA,12389685.566,12703439.5865,320.387408720086
"92",92,92,13.821,0.107,19.593,0.242,8.172,0.245,16.84,0.064,NA,12389685.566,12755731.92325,318.935190530057
"93",93,93,12.054,0.058,17.852,0.107,6.269,0.166,16.244,0.06,NA,12389685.566,12808024.26,319.0464386977
"94",94,94,9.809,0.045,15.479,0.08,4.178,0.086,15.469,0.056,NA,12389685.566,12860316.59675,320.268500648215
"95",95,95,6.176,0.042,11.505,0.085,0.808,0.147,14.353,0.048,NA,12389685.566,12912608.9335,321.440948501328
"96",96,96,3.915,0.05,9.279,0.056,-1.42,0.114,13.73,0.05,NA,12389685.566,12964901.27025,322.208508026245
"97",97,97,2.353,0.094,7.867,0.102,-3.062,0.075,13.389,0.054,13017193.607,13017193.607,13017193.607,322.78042586248
"98",98,98,3.245,0.124,8.88,0.098,-2.319,0.082,13.724,0.059,NA,13017193.607,13082187.2094167,323.228253427052
"99",99,99,6.117,0.069,11.907,0.126,0.285,0.068,14.581,0.052,NA,13017193.607,13147180.8118333,323.612292138691
"100",100,100,8.455,0.143,14.427,0.115,2.596,0.281,15.261,0.064,NA,13017193.607,13212174.41425,323.88321319246
"101",101,101,11.068,0.111,16.76,0.16,5.176,0.201,15.99,0.062,NA,13017193.607,13277168.0166667,323.79685814742
"102",102,102,13.204,0.187,18.873,0.16,7.318,0.213,16.696,0.073,NA,13017193.607,13342161.6190833,322.996972855608
"103",103,103,14.026,0.089,19.734,0.137,8.431,0.105,16.887,0.058,NA,13017193.607,13407155.2215,321.403523978703
"104",104,104,13.524,0.08,19.238,0.079,7.892,0.14,16.794,0.057,NA,13017193.607,13472148.8239167,319.97511105312
"105",105,105,11.62,0.19,17.348,0.223,5.942,0.152,16.155,0.076,NA,13017193.607,13537142.4263333,320.089579114701
"106",106,106,9.453,0.138,15.086,0.127,3.787,0.263,15.481,0.066,NA,13017193.607,13602136.02875,321.295885102465
"107",107,107,5.891,0.062,11.3,0.105,0.357,0.135,14.418,0.051,NA,13017193.607,13667129.6311667,322.438566055925
"108",108,108,3.24,0.053,8.551,0.135,-2.116,0.103,13.791,0.05,NA,13017193.607,13732123.2335833,323.166815115776
"109",109,109,1.966,0.053,7.229,0.091,-3.298,0.116,13.518,0.048,13797116.836,13797116.836,13797116.836,323.70408176354
"110",110,110,2.45,0.092,7.969,0.126,-3.191,0.151,13.747,0.052,NA,13797116.836,13879756.9591667,324.104226883707
"111",111,111,5.131,0.106,11.018,0.106,-0.824,0.213,14.576,0.056,NA,13797116.836,13962397.0823333,324.441910442258
"112",112,112,8.576,0.125,14.286,0.201,2.69,0.237,15.518,0.062,NA,13797116.836,14045037.2055,324.672460075799
"113",113,113,11.354,0.077,17.064,0.157,5.565,0.241,16.329,0.053,NA,13797116.836,14127677.3286667,324.554057431315
"114",114,114,13.475,0.119,19.208,0.256,7.568,0.34,16.83,0.062,NA,13797116.836,14210317.4518333,323.735592695152
"115",115,115,14.218,0.109,20.024,0.226,8.666,0.163,16.924,0.059,NA,13797116.836,14292957.575,322.147097844051
"116",116,116,13.804,0.08,19.628,0.16,8.124,0.224,16.945,0.056,NA,13797116.836,14375597.6981667,320.751971279346
"117",117,117,12.048,0.057,17.67,0.112,6.421,0.141,16.337,0.053,NA,13797116.836,14458237.8213333,320.925820017222
"118",118,118,9.489,0.065,14.888,0.155,4.05,0.269,15.445,0.056,NA,13797116.836,14540877.9445,322.216089805207
"119",119,119,6.42,0.053,11.974,0.125,0.923,0.141,14.524,0.051,NA,13797116.836,14623518.0676667,323.459518816058
"120",120,120,4.21,0.086,9.587,0.103,-1.139,0.113,13.993,0.054,NA,13797116.836,14706158.1908333,324.29865681677
"121",121,121,2.836,0.084,8.288,0.117,-2.584,0.099,13.711,0.052,14788798.314,14788798.314,14788798.314,324.954121686211
"122",122,122,3.735,0.082,9.543,0.108,-2.02,0.127,14.022,0.053,NA,14788798.314,14833329.7508333,325.467834781579
"123",123,123,5.272,0.114,11.066,0.18,-0.545,0.211,14.503,0.058,NA,14788798.314,14877861.1876667,325.911874423938
"124",124,124,8.603,0.066,14.383,0.179,2.739,0.113,15.44,0.051,NA,14788798.314,14922392.6245,326.236261889243
"125",125,125,11.206,0.099,17.165,0.121,5.402,0.107,16.104,0.055,NA,14788798.314,14966924.0613333,326.190854972387
"126",126,126,13.513,0.086,19.368,0.203,7.599,0.189,16.672,0.056,NA,14788798.314,15011455.4981667,325.419873072255
"127",127,127,14.395,0.1,20.254,0.114,8.723,0.099,16.912,0.058,NA,14788798.314,15055986.935,323.855087912379
"128",128,128,13.658,0.062,19.43,0.179,8.097,0.122,16.748,0.052,NA,14788798.314,15100518.3718333,322.454777067006
"129",129,129,12.277,0.063,17.879,0.089,6.62,0.124,16.335,0.055,NA,14788798.314,15145049.8086667,322.581977226782
"130",130,130,9.348,0.042,14.96,0.089,3.787,0.103,15.42,0.051,NA,14788798.314,15189581.2455,323.788689709814
"131",131,131,6.047,0.059,11.562,0.109,0.524,0.082,14.418,0.05,NA,14788798.314,15234112.6823333,324.91713830905
"132",132,132,3.521,0.05,8.941,0.094,-1.829,0.084,13.707,0.048,NA,14788798.314,15278644.1191667,325.616979638326
"133",133,133,2.967,0.101,8.531,0.122,-2.531,0.125,13.615,0.054,15323175.556,15323175.556,15323175.556,326.112757916749
"134",134,134,2.867,0.17,8.579,0.145,-2.723,0.199,13.627,0.067,NA,15323175.556,15376010.3031667,326.464110733593
"135",135,135,5.001,0.063,10.967,0.154,-0.896,0.11,14.254,0.049,NA,15323175.556,15428845.0503333,326.747180380383
"136",136,136,8.339,0.067,14.267,0.09,2.516,0.251,15.227,0.049,NA,15323175.556,15481679.7975,326.920292884364
"137",137,137,11.211,0.112,17.186,0.12,5.384,0.159,15.963,0.058,NA,15323175.556,15534514.5446667,326.740262504896
"138",138,138,13.099,0.104,18.992,0.227,7.436,0.126,16.539,0.059,NA,15323175.556,15587349.2918333,325.859897381346
"139",139,139,14.139,0.106,19.984,0.142,8.511,0.125,16.846,0.061,NA,15323175.556,15640184.039,324.222422335423
"140",140,140,13.879,0.076,19.593,0.122,8.086,0.082,16.752,0.056,NA,15323175.556,15693018.7861667,322.794502593468
"141",141,141,12.139,0.129,17.918,0.317,6.463,0.303,16.22,0.062,NA,15323175.556,15745853.5333333,322.943380057906
"142",142,142,9.388,0.106,15.146,0.127,3.809,0.16,15.298,0.056,NA,15323175.556,15798688.2805,324.221361268059
"143",143,143,6.295,0.076,11.842,0.112,0.931,0.131,14.399,0.052,NA,15323175.556,15851523.0276667,325.462898733938
"144",144,144,3.867,0.065,9.228,0.118,-1.439,0.126,13.66,0.051,NA,15323175.556,15904357.7748333,326.310393030232
"145",145,145,1.882,0.086,7.392,0.143,-3.549,0.205,13.298,0.053,15957192.522,15957192.522,15957192.522,326.982164322566
"146",146,146,2.609,0.105,8.219,0.113,-3.115,0.199,13.644,0.054,NA,15957192.522,16029268.9349167,327.530062123857
"147",147,147,5.287,0.05,11.169,0.087,-0.672,0.152,14.446,0.048,NA,15957192.522,16101345.3478333,328.024122779235
"148",148,148,8.337,0.067,14.148,0.123,2.498,0.11,15.291,0.051,NA,15957192.522,16173421.76075,328.416115292133
"149",149,149,11.155,0.091,16.968,0.125,5.361,0.196,16.095,0.058,NA,15957192.522,16245498.1736667,328.454916734515
"150",150,150,13.501,0.113,19.231,0.156,7.627,0.127,16.729,0.061,NA,15957192.522,16317574.5865833,327.78706892532
"151",151,151,14.231,0.118,20.037,0.123,8.568,0.104,16.956,0.063,NA,15957192.522,16389650.9995,326.35246245165
"152",152,152,14.171,0.096,19.88,0.154,8.386,0.19,16.978,0.057,NA,15957192.522,16461727.4124167,325.111290376805
"153",153,153,11.901,0.126,17.529,0.2,6.166,0.217,16.27,0.061,NA,15957192.522,16533803.8253333,325.420782713756
"154",154,154,9.346,0.141,15.057,0.198,3.84,0.232,15.438,0.064,NA,15957192.522,16605880.23825,326.831260508207
"155",155,155,5.797,0.079,11.167,0.094,0.52,0.129,14.419,0.05,NA,15957192.522,16677956.6511667,328.176828504729
"156",156,156,3.778,0.072,9.182,0.181,-1.492,0.084,13.951,0.05,NA,15957192.522,16750033.0640833,329.100374109615
"157",157,157,3.038,0.092,8.492,0.152,-2.308,0.104,13.774,0.052,16822109.477,16822109.477,16822109.477,329.825969933892
"158",158,158,3.898,0.161,9.496,0.135,-1.654,0.087,14.14,0.064,NA,16822109.477,16824502.1945,330.396360655181
"159",159,159,5.82,0.096,11.605,0.212,0.109,0.142,14.663,0.052,NA,16822109.477,16826894.912,330.887553100128
"160",160,160,8.938,0.103,14.51,0.108,3.107,0.106,15.528,0.055,NA,16822109.477,16829287.6295,331.252799642467
"161",161,161,11.769,0.082,17.417,0.158,5.926,0.164,16.288,0.053,NA,16822109.477,16831680.347,331.239713466325
"162",162,162,13.824,0.085,19.497,0.126,8.155,0.122,16.795,0.052,NA,16822109.477,16834073.0645,330.496898414977
"163",163,163,14.435,0.129,20.112,0.093,8.989,0.11,17.002,0.061,NA,16822109.477,16836465.782,328.972143548678
"164",164,164,13.869,0.151,19.707,0.149,8.427,0.133,16.889,0.062,NA,16822109.477,16838858.4995,327.627294219017
"165",165,165,12.125,0.081,17.815,0.168,6.504,0.102,16.267,0.054,NA,16822109.477,16841251.217,327.813800837448
"166",166,166,9.609,0.064,15.182,0.111,3.913,0.095,15.419,0.053,NA,16822109.477,16843643.9345,329.085276088108
"167",167,167,6.222,0.083,11.667,0.052,0.788,0.202,14.381,0.05,NA,16822109.477,16846036.652,330.276616525634
"168",168,168,3.832,0.082,9.292,0.111,-1.514,0.073,13.711,0.051,NA,16822109.477,16848429.3695,331.033010691027
"169",169,169,2.261,0.096,7.464,0.109,-2.894,0.096,13.3,0.052,16850822.087,16850822.087,16850822.087,331.569855655491
"170",170,170,2.582,0.127,8.118,0.093,-2.926,0.074,13.49,0.057,NA,16850822.087,16842069.5691667,331.959225276068
"171",171,171,5.19,0.114,10.966,0.134,-0.495,0.098,14.267,0.054,NA,16850822.087,16833317.0513333,332.268389658409
"172",172,172,8.386,0.091,14.179,0.078,2.59,0.117,15.182,0.053,NA,16850822.087,16824564.5335,332.453453470301
"173",173,173,11.198,0.087,16.932,0.121,5.47,0.093,15.957,0.053,NA,16850822.087,16815812.0156667,332.266216592525
"174",174,174,13.382,0.131,19.235,0.099,7.591,0.085,16.616,0.063,NA,16850822.087,16807059.4978333,331.357854097651
"175",175,175,14.288,0.059,19.925,0.128,8.654,0.109,16.846,0.053,NA,16850822.087,16798306.98,329.67589138119
"176",176,176,14.016,0.105,19.652,0.158,8.391,0.13,16.912,0.06,NA,16850822.087,16789554.4621667,328.184944041674
"177",177,177,11.744,0.135,17.43,0.18,6.14,0.22,16.197,0.065,NA,16850822.087,16780801.9443333,328.242819178767
"178",178,178,9.098,0.059,14.884,0.079,3.423,0.112,15.274,0.051,NA,16850822.087,16772049.4265,329.403901374106
"179",179,179,5.915,0.123,11.459,0.138,0.389,0.163,14.32,0.057,NA,16850822.087,16763296.9086667,330.50330912097
"180",180,180,3.55,0.127,8.739,0.155,-1.522,0.126,13.656,0.057,NA,16850822.087,16754544.3908333,331.185570429026
"181",181,181,3.059,0.078,8.484,0.071,-2.257,0.121,13.621,0.051,16745791.873,16745791.873,16745791.873,331.665993820041
"182",182,182,3.395,0.107,9.026,0.133,-2.096,0.095,13.857,0.053,NA,16745791.873,16827484.0766667,332.013094553087
"183",183,183,5.706,0.07,11.384,0.103,-0.15,0.098,14.538,0.048,NA,16745791.873,16909176.2803333,332.293974063158
"184",184,184,8.584,0.066,14.399,0.066,2.882,0.088,15.297,0.049,NA,16745791.873,16990868.484,332.463491036772
"185",185,185,11.742,0.087,17.484,0.198,5.842,0.145,16.136,0.054,NA,16745791.873,17072560.6876667,332.273060183205
"186",186,186,13.557,0.109,19.275,0.161,7.796,0.197,16.682,0.057,NA,16745791.873,17154252.8913333,331.37242928169
"187",187,187,14.351,0.096,20.051,0.18,8.637,0.141,16.877,0.059,NA,16745791.873,17235945.095,329.705867651759
"188",188,188,13.514,0.219,19.248,0.244,7.892,0.107,16.665,0.079,NA,16745791.873,17317637.2986667,328.236691982899
"189",189,189,12.152,0.127,17.804,0.115,6.54,0.096,16.216,0.061,NA,16745791.873,17399329.5023333,328.323746124959
"190",190,190,9.318,0.064,14.908,0.154,3.671,0.215,15.292,0.053,NA,16745791.873,17481021.706,329.520200237164
"191",191,191,5.893,0.056,11.462,0.086,0.332,0.127,14.126,0.049,NA,16745791.873,17562713.9096667,330.66174999774
"192",192,192,3.667,0.086,9.079,0.088,-1.636,0.103,13.557,0.051,NA,16745791.873,17644406.1133333,331.393125041971
"193",193,193,2.884,0.068,8.398,0.079,-2.452,0.11,13.442,0.05,17726098.317,17726098.317,17726098.317,331.925692931382
"194",194,194,3.031,0.069,8.509,0.104,-2.443,0.094,13.619,0.05,NA,17726098.317,17772240.4835833,332.335997910137
"195",195,195,4.517,0.06,10.305,0.082,-1.204,0.082,14.124,0.049,NA,17726098.317,17818382.6501667,332.687044653859
"196",196,196,8.294,0.086,14.177,0.132,2.489,0.106,15.135,0.053,NA,17726098.317,17864524.81675,332.933214626693
"197",197,197,10.942,0.163,16.728,0.149,5.176,0.108,15.778,0.067,NA,17726098.317,17910666.9833333,332.827430929967
"198",198,198,13.086,0.103,18.954,0.173,7.345,0.13,16.448,0.06,NA,17726098.317,17956809.1499167,332.018545891254
"199",199,199,14.155,0.18,19.852,0.245,8.349,0.221,16.864,0.073,NA,17726098.317,18002951.3165,330.445715075967
"200",200,200,13.511,0.17,19.163,0.234,7.646,0.222,16.671,0.072,NA,17726098.317,18049093.4830833,329.071655863678
"201",201,201,11.895,0.053,17.74,0.079,6.197,0.1,16.185,0.056,NA,17726098.317,18095235.6496667,329.259991922138
"202",202,202,8.511,0.111,14.028,0.253,3.113,0.22,15.167,0.059,NA,17726098.317,18141377.81625,330.56225722847
"203",203,203,5.66,0.062,11.156,0.124,0.302,0.164,14.299,0.05,NA,17726098.317,18187519.9828333,331.813867670209
"204",204,204,3.681,0.082,9.086,0.155,-1.708,0.16,13.841,0.05,NA,17726098.317,18233662.1494167,332.65799704935
"205",205,205,2.492,0.087,7.764,0.197,-2.648,0.16,13.647,0.05,18279804.316,18279804.316,18279804.316,333.315745341913
"206",206,206,3.471,0.12,9.135,0.088,-2.152,0.145,14.001,0.056,NA,18279804.316,18297979.4959167,333.835355682016
"207",207,207,5.702,0.11,11.581,0.123,-0.035,0.168,14.639,0.055,NA,18279804.316,18316154.6758333,334.289686796384
"208",208,208,8.85,0.064,14.751,0.092,3.058,0.081,15.47,0.049,NA,18279804.316,18334329.85575,334.631389911005
"209",209,209,11.78,0.133,17.594,0.163,6.009,0.227,16.286,0.061,NA,18279804.316,18352505.0356667,334.609629876077
"210",210,210,13.876,0.11,19.628,0.173,8.058,0.184,16.846,0.056,NA,18279804.316,18370680.2155833,333.871955940696
"211",211,211,14.631,0.111,20.327,0.122,8.971,0.206,17.047,0.06,NA,18279804.316,18388855.3955,332.360529007933
"212",212,212,14.09,0.078,19.673,0.162,8.464,0.134,16.979,0.053,NA,18279804.316,18407030.5754167,331.036460913665
"213",213,213,11.862,0.065,17.535,0.073,6.35,0.111,16.312,0.054,NA,18279804.316,18425205.7553333,331.25627580822
"214",214,214,9.156,0.041,14.875,0.106,3.586,0.09,15.387,0.049,NA,18279804.316,18443380.93525,332.571393508507
"215",215,215,6.544,0.062,11.962,0.101,1.259,0.07,14.544,0.048,NA,18279804.316,18461556.1151667,333.817442048831
"216",216,216,3.749,0.035,9.001,0.1,-1.385,0.139,13.741,0.045,NA,18279804.316,18479731.2950833,334.639536303805
"217",217,217,2.705,0.095,8.006,0.078,-2.52,0.078,13.587,0.054,18497906.475,18497906.475,18497906.475,335.257310827006
"218",218,218,3.456,0.137,9.006,0.2,-2.149,0.2,13.904,0.06,NA,18497906.475,18584209.9311667,335.730807582065
"219",219,219,5.607,0.097,11.344,0.055,-0.074,0.174,14.555,0.052,NA,18497906.475,18670513.3873333,336.131483089564
"220",220,220,8.791,0.088,14.628,0.344,3.084,0.416,15.372,0.05,NA,18497906.475,18756816.8435,336.414650032763
"221",221,221,11.414,0.139,17.131,0.236,5.723,0.314,16.101,0.061,NA,18497906.475,18843120.2996667,336.33163084476
"222",222,222,13.22,0.106,18.891,0.164,7.715,0.213,16.601,0.057,NA,18497906.475,18929423.7558333,335.53274236281
"223",223,223,14.364,0.158,19.911,0.132,8.894,0.237,16.935,0.067,NA,18497906.475,19015727.212,333.963983502646
"224",224,224,13.297,0.099,18.974,0.155,7.681,0.173,16.623,0.056,NA,18497906.475,19102030.6681667,332.589158538654
"225",225,225,12.03,0.096,17.64,0.164,6.431,0.127,16.281,0.058,NA,18497906.475,19188334.1243333,332.766119007759
"226",226,226,9.339,0.082,14.964,0.145,3.803,0.15,15.337,0.054,NA,18497906.475,19274637.5805,334.048645338521
"227",227,227,6.35,0.081,11.685,0.112,1.08,0.126,14.522,0.05,NA,18497906.475,19360941.0366667,335.272038553808
"228",228,228,3.74,0.068,9.195,0.085,-1.617,0.093,13.793,0.047,NA,18497906.475,19447244.4928333,336.080822629943
"229",229,229,2.679,0.083,8.071,0.125,-2.625,0.1,13.63,0.048,19533547.949,19533547.949,19533547.949,336.706399704406
"230",230,230,2.841,0.089,8.525,0.076,-2.759,0.147,13.768,0.047,NA,19533547.949,19516112.8919167,337.182288231827
"231",231,231,5.474,0.102,11.331,0.187,-0.129,0.272,14.565,0.051,NA,19533547.949,19498677.8348333,337.592032753799
"232",232,232,8.455,0.078,14.273,0.258,2.623,0.303,15.391,0.046,NA,19533547.949,19481242.77775,337.891415509416
"233",233,233,11.199,0.149,17.139,0.198,5.712,0.212,16.076,0.058,NA,19533547.949,19463807.7206667,337.827916907264
"234",234,234,13.487,0.067,19.366,0.213,7.818,0.215,16.772,0.043,NA,19533547.949,19446372.6635833,337.053231487123
"235",235,235,14.114,0.054,19.945,0.109,8.491,0.117,16.992,0.042,NA,19533547.949,19428937.6065,335.523895670103
"236",236,236,13.833,0.087,19.623,0.16,8.266,0.181,16.978,0.046,NA,19533547.949,19411502.5494167,334.204448388362
"237",237,237,12.247,0.091,18.059,0.18,6.714,0.24,16.45,0.048,NA,19533547.949,19394067.4923333,334.441794949549
"238",238,238,9.586,0.09,15.354,0.116,4.054,0.125,15.557,0.049,NA,19533547.949,19376632.43525,335.791592027703
"239",239,239,6.286,0.079,11.807,0.13,0.905,0.051,14.609,0.047,NA,19533547.949,19359197.3781667,337.084045957522
"240",240,240,4.6,0.068,10,0.115,-0.669,0.051,14.182,0.045,NA,19533547.949,19341762.3210833,337.960318669313
"241",241,241,2.956,0.087,8.468,0.08,-2.457,0.124,13.812,0.049,19324327.264,19324327.264,19324327.264,338.65177244009
"242",242,242,3.652,0.099,9.26,0.129,-1.864,0.115,14.112,0.05,NA,19324327.264,19274487.2335,339.186808541577
"243",243,243,5.367,0.103,11.24,0.16,-0.379,0.126,14.646,0.052,NA,19324327.264,19224647.203,339.649309896105
"244",244,244,8.935,0.106,14.821,0.129,3.109,0.175,15.578,0.052,NA,19324327.264,19174807.1725,339.993931624054
"245",245,245,11.77,0.089,17.713,0.234,6.131,0.172,16.314,0.05,NA,19324327.264,19124967.142,339.962605862543
"246",246,246,13.582,0.134,19.375,0.185,7.901,0.299,16.806,0.058,NA,19324327.264,19075127.1115,339.206831258531
"247",247,247,14.742,0.144,20.466,0.179,9.102,0.214,17.171,0.06,NA,19324327.264,19025287.081,337.692340844621
"248",248,248,14.189,0.221,19.814,0.117,8.563,0.089,17.049,0.077,NA,19324327.264,18975447.0505,336.382818273384
"249",249,249,12.321,0.08,18.121,0.152,6.642,0.146,16.427,0.051,NA,19324327.264,18925607.02,336.612335914735
"250",250,250,9.55,0.064,15.17,0.118,4.051,0.112,15.45,0.048,NA,19324327.264,18875766.9895,337.937325556218
"251",251,251,6.684,0.094,12.196,0.183,1.334,0.143,14.645,0.051,NA,19324327.264,18825926.959,339.185251934796
"252",252,252,4.016,0.059,9.431,0.165,-1.277,0.086,13.892,0.046,NA,19324327.264,18776086.9285,339.998043011915
"253",253,253,3.785,0.121,9.267,0.193,-1.298,0.153,13.963,0.055,18726246.898,18726246.898,18726246.898,340.607984232556
"254",254,254,4.021,0.139,9.689,0.133,-1.41,0.119,14.073,0.059,NA,18726246.898,18712589.1565,341.04946286579
"255",255,255,6.239,0.035,12.05,0.063,0.554,0.161,14.769,0.045,NA,18726246.898,18698931.415,341.40759760709
"256",256,256,8.953,0.08,14.817,0.206,3.131,0.25,15.432,0.05,NA,18726246.898,18685273.6735,341.639894922099
"257",257,257,11.565,0.084,17.471,0.33,5.901,0.345,16.198,0.049,NA,18726246.898,18671615.932,341.487638546871
"258",258,258,13.765,0.122,19.611,0.126,8.065,0.148,16.932,0.058,NA,18726246.898,18657958.1905,340.605915623996
"259",259,259,14.738,0.082,20.398,0.122,9.208,0.132,17.217,0.054,NA,18726246.898,18644300.449,338.971482702506
"260",260,260,14.502,0.099,20.293,0.092,8.977,0.081,17.123,0.055,NA,18726246.898,18630642.7075,337.551089965733
"261",261,261,12.236,0.118,17.95,0.098,6.646,0.139,16.466,0.058,NA,18726246.898,18616984.966,337.672394908126
"262",262,262,9.394,0.059,14.979,0.096,3.765,0.066,15.453,0.05,NA,18726246.898,18603327.2245,338.89585954549
"263",263,263,6.273,0.058,11.669,0.114,0.97,0.099,14.47,0.047,NA,18726246.898,18589669.483,340.047716787653
"264",264,264,4.519,0.05,10.068,0.094,-0.878,0.076,14.098,0.048,NA,18726246.898,18576011.7415,340.770335450549
"265",265,265,2.558,0.08,8.09,0.13,-2.777,0.097,13.587,0.053,18562354,18562354,18562354,341.292545289429
"266",266,266,3.281,0.077,8.843,0.076,-2.075,0.07,13.852,0.053,NA,18562354,18555854.2425,341.661941376341
"267",267,267,4.873,0.087,10.667,0.139,-0.722,0.137,14.337,0.054,NA,18562354,18549354.485,341.96034143596
"268",268,268,8.465,0.093,14.388,0.223,2.89,0.433,15.33,0.054,NA,18562354,18542854.7275,342.147072865098
"269",269,269,11.348,0.09,17.149,0.305,5.727,0.283,16.144,0.054,NA,18562354,18536354.97,341.963743977928
"270",270,270,13.245,0.071,19.083,0.234,7.556,0.251,16.625,0.053,NA,18562354,18529855.2125,341.067578024535
"271",271,271,14.545,0.073,20.311,0.301,9.019,0.397,17,0.058,NA,18562354,18523355.455,339.440646602096
"272",272,272,13.796,0.067,19.534,0.166,8.465,0.217,16.867,0.054,NA,18562354,18516855.6975,338.051612829913
"273",273,273,12.039,0.067,17.75,0.155,6.675,0.213,16.354,0.055,NA,18562354,18510355.94,338.225993244323
"274",274,274,9.232,0.066,14.845,0.129,3.917,0.139,15.493,0.054,NA,18562354,18503856.1825,339.526425326099
"275",275,275,5.961,0.111,11.314,0.117,0.909,0.184,14.446,0.057,NA,18562354,18497356.425,340.77625332207
"276",276,276,4.327,0.11,9.637,0.077,-0.705,0.064,14.068,0.058,NA,18562354,18490856.6675,341.613214508187
"277",277,277,3.445,0.115,8.747,0.084,-1.65,0.08,13.979,0.057,18484356.91,18484356.91,18484356.91,342.272983432978
"278",278,278,3.814,0.173,9.427,0.088,-1.592,0.085,14.169,0.068,NA,18484356.91,18539482.6154167,342.775480478113
"279",279,279,5.699,0.09,11.503,0.055,0.097,0.091,14.683,0.053,NA,18484356.91,18594608.3208333,343.209739464721
"280",280,280,8.693,0.05,14.45,0.092,3.053,0.134,15.468,0.048,NA,18484356.91,18649734.02625,343.531848254381
"281",281,281,11.729,0.106,17.477,0.136,6.144,0.187,16.34,0.056,NA,18484356.91,18704859.7316667,343.475343673013
"282",282,282,13.478,0.124,19.217,0.147,7.819,0.17,16.786,0.061,NA,18484356.91,18759985.4370833,342.69522718808
"283",283,283,14.408,0.07,20.139,0.138,8.829,0.115,17.068,0.054,NA,18484356.91,18815111.1425,341.181613970756
"284",284,284,14.302,0.061,20.105,0.177,8.729,0.1,17.145,0.052,NA,18484356.91,18870236.8479167,339.900224702705
"285",285,285,12.698,0.098,18.412,0.093,7.08,0.16,16.573,0.059,NA,18484356.91,18925362.5533333,340.160542767432
"286",286,286,9.478,0.096,15.097,0.088,4.011,0.155,15.498,0.058,NA,18484356.91,18980488.25875,341.523855987418
"287",287,287,6.765,0.091,12.334,0.151,1.421,0.134,14.648,0.054,NA,18484356.91,19035613.9641667,342.80906620297
"288",288,288,3.829,0.054,9.25,0.127,-1.312,0.08,13.886,0.05,NA,18484356.91,19090739.6695833,343.655441040638
"289",289,289,2.941,0.081,8.338,0.111,-2.235,0.085,13.701,0.052,19145865.375,19145865.375,19145865.375,344.218429534494
"290",290,290,3.093,0.101,8.786,0.136,-2.452,0.169,13.878,0.056,NA,19145865.375,19193646.6905833,344.701723498978
"291",291,291,5.671,0.084,11.541,0.1,-0.078,0.06,14.608,0.056,NA,19145865.375,19241428.0061667,345.112578974179
"292",292,292,8.432,0.163,14.335,0.23,2.608,0.209,15.37,0.068,NA,19145865.375,19289209.32175,345.40555617094
"293",293,293,11.976,0.061,17.86,0.115,6.211,0.138,16.295,0.052,NA,19145865.375,19336990.6373333,345.334857983017
"294",294,294,13.387,0.191,19.05,0.127,7.662,0.167,16.668,0.073,NA,19145865.375,19384771.9529167,344.549283571796
"295",295,295,14.429,0.137,20.109,0.075,8.958,0.191,16.961,0.063,NA,19145865.375,19432553.2685,342.985596409055
"296",296,296,13.984,0.085,19.83,0.235,8.33,0.151,16.972,0.054,NA,19145865.375,19480334.5840833,341.606624922134
"297",297,297,12.015,0.074,17.718,0.098,6.5,0.096,16.385,0.053,NA,19145865.375,19528115.8996667,341.779086831914
"298",298,298,9.378,0.082,14.891,0.066,4.015,0.101,15.368,0.054,NA,19145865.375,19575897.21525,343.054758301382
"299",299,299,5.811,0.106,11.243,0.166,0.602,0.088,14.32,0.055,NA,19145865.375,19623678.5308333,344.271782063608
"300",300,300,3.185,0.066,8.411,0.15,-1.88,0.109,13.604,0.05,NA,19145865.375,19671459.8464167,345.075116313216
"301",301,301,3.01,0.082,8.385,0.122,-2.22,0.063,13.678,0.052,19719241.162,19719241.162,19719241.162,345.653181109754
"302",302,302,2.704,0.085,8.322,0.117,-2.853,0.08,13.731,0.051,NA,19719241.162,19768917.3998333,346.128544643189
"303",303,303,5.451,0.06,11.194,0.087,-0.133,0.086,14.526,0.05,NA,19719241.162,19818593.6376667,346.540514544014
"304",304,304,8.633,0.085,14.421,0.085,2.905,0.113,15.356,0.054,NA,19719241.162,19868269.8755,346.840664329847
"305",305,305,11.426,0.066,17.203,0.117,5.756,0.119,16.136,0.05,NA,19719241.162,19917946.1133333,346.788851468538
"306",306,306,13.569,0.187,19.396,0.24,7.908,0.146,16.713,0.07,NA,19719241.162,19967622.3511667,346.029068321076
"307",307,307,13.973,0.087,19.711,0.113,8.362,0.141,16.906,0.051,NA,19719241.162,20017298.589,344.474912726388
"308",308,308,14.059,0.087,19.757,0.113,8.515,0.092,17.013,0.05,NA,19719241.162,20066974.8268333,343.085695101394
"309",309,309,11.98,0.08,17.634,0.138,6.482,0.135,16.357,0.054,NA,19719241.162,20116651.0646667,343.248026744816
"310",310,310,9.338,0.089,14.808,0.048,4.051,0.099,15.476,0.054,NA,19719241.162,20166327.3025,344.507623500053
"311",311,311,5.968,0.104,11.331,0.102,0.703,0.107,14.388,0.055,NA,19719241.162,20216003.5403333,345.709224174921
"312",312,312,3.785,0.107,9.044,0.154,-1.368,0.084,13.808,0.056,NA,19719241.162,20265679.7781667,346.501138518364
"313",313,313,3.315,0.117,8.818,0.071,-2.011,0.076,13.724,0.057,20315356.016,20315356.016,20315356.016,347.145212698567
"314",314,314,3.991,0.113,9.699,0.202,-1.637,0.092,14.084,0.056,NA,20315356.016,20357172.3449167,347.606273719233
"315",315,315,5.755,0.048,11.629,0.077,0.015,0.055,14.608,0.049,NA,20315356.016,20398988.6738333,347.99806571511
"316",316,316,8.871,0.086,14.772,0.206,3.105,0.062,15.452,0.054,NA,20315356.016,20440805.00275,348.276250165423
"317",317,317,11.581,0.066,17.393,0.108,5.889,0.178,16.163,0.049,NA,20315356.016,20482621.3316667,348.189338176136
"318",318,318,13.439,0.06,19.211,0.191,7.72,0.192,16.696,0.05,NA,20315356.016,20524437.6605833,347.388660996113
"319",319,319,14.293,0.06,19.987,0.1,8.739,0.115,16.991,0.05,NA,20315356.016,20566253.9895,345.827946035379
"320",320,320,13.972,0.059,19.874,0.099,8.433,0.141,16.938,0.05,NA,20315356.016,20608070.3184167,344.471540667697
"321",321,321,11.817,0.143,17.713,0.106,6.395,0.274,16.285,0.063,NA,20315356.016,20649886.6473333,344.669277647094
"322",322,322,9.299,0.096,14.803,0.148,3.881,0.157,15.455,0.054,NA,20315356.016,20691702.97625,345.976469208602
"323",323,323,5.919,0.1,11.232,0.063,0.702,0.092,14.407,0.055,NA,20315356.016,20733519.3051667,347.225778190405
"324",324,324,3.751,0.072,9.071,0.075,-1.399,0.105,13.805,0.052,NA,20315356.016,20775335.6340833,348.060564055562
"325",325,325,3.139,0.115,8.701,0.082,-2.344,0.109,13.758,0.058,20817151.963,20817151.963,20817151.963,348.695843798758
"326",326,326,4.134,0.091,9.792,0.105,-1.366,0.092,14.161,0.053,NA,20817151.963,20879506.2421667,349.200533487306
"327",327,327,5.245,0.076,11.203,0.074,-0.467,0.084,14.538,0.051,NA,20817151.963,20941860.5213333,349.641663035637
"328",328,328,8.595,0.078,14.69,0.083,2.835,0.22,15.447,0.052,NA,20817151.963,21004214.8005,349.974280178201
"329",329,329,11.525,0.065,17.315,0.13,5.798,0.136,16.252,0.051,NA,20817151.963,21066569.0796667,349.947477794826
"330",330,330,13.927,0.068,19.661,0.146,8.105,0.126,16.9,0.051,NA,20817151.963,21128923.3588333,349.211721577922
"331",331,331,14.89,0.144,20.667,0.105,9.326,0.196,17.296,0.063,NA,20817151.963,21191277.638,347.717332162386
"332",332,332,13.896,0.127,19.632,0.147,8.32,0.227,17.061,0.06,NA,20817151.963,21253631.9171667,346.427969669515
"333",333,333,12.447,0.075,18.226,0.13,6.878,0.218,16.569,0.053,NA,20817151.963,21315986.1963333,346.696019867893
"334",334,334,9.59,0.077,15.136,0.081,4.094,0.089,15.621,0.051,NA,20817151.963,21378340.4755,348.075754411415
"335",335,335,6.056,0.052,11.518,0.161,0.71,0.131,14.561,0.049,NA,20817151.963,21440694.7546667,349.40006572023
"336",336,336,4.489,0.054,9.857,0.085,-0.712,0.107,14.13,0.048,NA,20817151.963,21503049.0338333,350.31070676886
"337",337,337,3.454,0.07,8.864,0.12,-1.798,0.09,13.978,0.052,21565403.313,21565403.313,21565403.313,351.063666967838
"338",338,338,3.422,0.095,9.094,0.093,-2.031,0.075,14.064,0.052,NA,21565403.313,21604068.4665833,351.632475994369
"339",339,339,5.931,0.085,11.817,0.093,0.366,0.137,14.778,0.054,NA,21565403.313,21642733.6201667,352.126040798347
"340",340,340,8.992,0.066,14.978,0.118,3.289,0.087,15.593,0.051,NA,21565403.313,21681398.77375,352.499858625557
"341",341,341,11.852,0.091,17.676,0.062,6.143,0.2,16.348,0.054,NA,21565403.313,21720063.9273333,352.490829273493
"342",342,342,14.099,0.098,19.974,0.16,8.356,0.085,16.976,0.057,NA,21565403.313,21758729.0809167,351.752530851068
"343",343,343,14.798,0.068,20.466,0.168,9.186,0.125,17.179,0.051,NA,21565403.313,21797394.2345,350.265255967932
"344",344,344,14.553,0.122,20.124,0.255,8.905,0.157,17.173,0.059,NA,21565403.313,21836059.3880833,348.993891599572
"345",345,345,12.681,0.072,18.424,0.141,7.08,0.079,16.553,0.053,NA,21565403.313,21874724.5416667,349.257798383454
"346",346,346,9.979,0.062,15.719,0.194,4.363,0.151,15.639,0.052,NA,21565403.313,21913389.69525,350.616212455707
"347",347,347,6.295,0.074,11.837,0.081,0.841,0.074,14.465,0.052,NA,21565403.313,21952054.8488333,351.890660229175
"348",348,348,4.363,0.058,9.707,0.119,-0.852,0.078,13.923,0.052,NA,21565403.313,21990720.0024167,352.721974215565
"349",349,349,2.71,0.108,8.095,0.118,-2.598,0.118,13.566,0.058,22029385.156,22029385.156,22029385.156,353.382700343901
"350",350,350,3.627,0.095,9.3,0.067,-1.924,0.088,13.978,0.055,NA,22029385.156,22039386.5929167,353.826572960528
"351",351,351,5.792,0.099,11.628,0.07,0.131,0.17,14.607,0.057,NA,22029385.156,22049388.0298333,354.180321907214
"352",352,352,8.689,0.104,14.541,0.089,2.737,0.147,15.422,0.057,NA,22029385.156,22059389.46675,354.406452444525
"353",353,353,11.28,0.094,17.105,0.208,5.494,0.13,16.121,0.056,NA,22029385.156,22069390.9036667,354.233747799825
"354",354,354,13.447,0.126,19.25,0.183,7.871,0.13,16.725,0.063,NA,22029385.156,22079392.3405833,353.325979782949
"355",355,355,14.612,0.084,20.361,0.079,8.989,0.102,17.15,0.058,NA,22029385.156,22089393.7775,351.705767248945
"356",356,356,14.135,0.064,19.987,0.152,8.595,0.145,17.051,0.052,NA,22029385.156,22099395.2144167,350.345935138722
"357",357,357,12.403,0.101,18.198,0.105,6.675,0.15,16.5,0.059,NA,22029385.156,22109396.6513333,350.532805803932
"358",358,358,9.76,0.061,15.473,0.13,4.1,0.212,15.597,0.051,NA,22029385.156,22119398.08825,351.838024413036
"359",359,359,6.179,0.06,11.718,0.086,0.749,0.062,14.524,0.052,NA,22029385.156,22129399.5251667,353.073731675597
"360",360,360,4.43,0.06,9.802,0.055,-0.807,0.096,14.058,0.053,NA,22029385.156,22139400.9620833,353.875017258551
"361",361,361,3.243,0.09,8.557,0.099,-1.939,0.075,13.891,0.057,22149402.399,22149402.399,22149402.399,354.559588027792
"362",362,362,3.643,0.087,9.225,0.111,-1.795,0.07,14.143,0.056,NA,22149402.399,22170612.9381667,354.981372599383
"363",363,363,6.73,0.099,12.658,0.179,1.036,0.094,15.005,0.058,NA,22149402.399,22191823.4773333,355.314520041776
"364",364,364,9.169,0.059,15.058,0.084,3.373,0.125,15.683,0.052,NA,22149402.399,22213034.0165,355.525202250418
"365",365,365,11.831,0.071,17.642,0.234,6.086,0.237,16.397,0.054,NA,22149402.399,22234244.5556667,355.31755981204
"366",366,366,13.893,0.087,19.786,0.164,8.167,0.129,16.995,0.054,NA,22149402.399,22255455.0948333,354.364993944355
"367",367,367,14.784,0.14,20.401,0.105,9.158,0.085,17.246,0.065,NA,22149402.399,22276665.634,352.759892898607
"368",368,368,14.095,0.05,19.956,0.221,8.514,0.162,17.11,0.054,NA,22149402.399,22297876.1731667,351.48048887547
"369",369,369,12.195,0.106,17.993,0.089,6.597,0.209,16.465,0.063,NA,22149402.399,22319086.7123333,351.741818387167
"370",370,370,9.882,0.036,15.72,0.125,4.285,0.125,15.747,0.053,NA,22149402.399,22340297.2515,353.12930253225
"371",371,371,6.92,0.132,12.561,0.09,1.345,0.072,14.77,0.065,NA,22149402.399,22361507.7906667,354.430095406764
"372",372,372,4.425,0.079,9.935,0.057,-0.922,0.054,14.1,0.056,NA,22149402.399,22382718.3298333,355.270325927943
"373",373,373,3.195,0.066,8.506,0.044,-1.907,0.114,13.859,0.056,22403928.869,22403928.869,22403928.869,355.805296383184
"374",374,374,4.044,0.087,9.774,0.074,-1.499,0.098,14.201,0.057,NA,22403928.869,22385552.9208333,356.246867184384
"375",375,375,5.574,0.076,11.411,0.106,-0.129,0.13,14.689,0.056,NA,22403928.869,22367176.9726667,356.605209649214
"376",376,376,9.226,0.04,15.123,0.09,3.414,0.159,15.716,0.055,NA,22403928.869,22348801.0245,356.84102260484
"377",377,377,11.616,0.062,17.441,0.105,6.009,0.114,16.37,0.054,NA,22403928.869,22330425.0763333,356.679681209244
"378",378,378,14.263,0.074,19.903,0.124,8.509,0.072,17.052,0.057,NA,22403928.869,22312049.1281667,355.7834881909
"379",379,379,14.987,0.055,20.643,0.106,9.273,0.142,17.348,0.053,NA,22403928.869,22293673.18,354.176995383399
"380",380,380,14.319,0.057,20.036,0.086,8.61,0.111,17.163,0.055,NA,22403928.869,22275297.2318333,352.831319772484
"381",381,381,12.677,0.053,18.539,0.235,7.004,0.084,16.572,0.056,NA,22403928.869,22256921.2836667,353.026737179847
"382",382,382,9.753,0.064,15.553,0.066,4.122,0.095,15.619,0.055,NA,22403928.869,22238545.3355,354.333658287754
"383",383,383,6.44,0.07,11.862,0.101,1.121,0.088,14.607,0.055,NA,22403928.869,22220169.3873333,355.56111198969
"384",384,384,4.059,0.041,9.284,0.078,-1.061,0.061,13.98,0.052,NA,22403928.869,22201793.4391667,356.34383038202
"385",385,385,3.579,0.084,8.914,0.1,-1.655,0.093,13.961,0.058,22183417.491,22183417.491,22183417.491,356.956981143117
"386",386,386,3.931,0.148,9.491,0.116,-1.595,0.087,14.181,0.067,NA,22183417.491,22181647.24675,357.349100068073
"387",387,387,5.952,0.069,11.692,0.064,0.253,0.086,14.771,0.056,NA,22183417.491,22179877.0025,357.650921473568
"388",388,388,8.572,0.061,14.366,0.075,2.785,0.1,15.51,0.055,NA,22183417.491,22178106.75825,357.826875545015
"389",389,389,11.535,0.073,17.346,0.095,5.796,0.184,16.319,0.059,NA,22183417.491,22176336.514,357.59171446865
"390",390,390,13.576,0.066,19.36,0.094,7.818,0.075,16.886,0.058,NA,22183417.491,22174566.26975,356.6144957788
"391",391,391,14.139,0.081,19.853,0.083,8.421,0.082,17.001,0.057,NA,22183417.491,22172796.0255,354.957020247661
"392",392,392,13.766,0.084,19.435,0.162,8.131,0.13,16.9,0.057,NA,22183417.491,22171025.78125,353.595018809948
"393",393,393,11.672,0.049,17.289,0.122,6.132,0.14,16.243,0.053,NA,22183417.491,22169255.537,353.774493783311
"394",394,394,9.353,0.047,15.152,0.058,3.676,0.061,15.419,0.054,NA,22183417.491,22167485.29275,355.074713166335
"395",395,395,5.889,0.083,11.303,0.062,0.463,0.066,14.343,0.056,NA,22183417.491,22165715.0485,356.293723496549
"396",396,396,4.075,0.155,9.455,0.157,-1.063,0.126,13.902,0.068,NA,22183417.491,22163944.80425,357.062329108781
"397",397,397,3.301,0.096,8.666,0.065,-1.919,0.076,13.896,0.062,22162174.56,22162174.56,22162174.56,357.691098408634
"398",398,398,3.745,0.097,9.42,0.081,-1.744,0.054,14.085,0.06,NA,22162174.56,22194634.2328333,358.057698690244
"399",399,399,5.923,0.094,11.791,0.085,0.141,0.074,14.725,0.061,NA,22162174.56,22227093.9056667,358.330179145316
"400",400,400,8.69,0.046,14.585,0.116,2.823,0.137,15.482,0.055,NA,22162174.56,22259553.5785,358.47826928236
"401",401,401,11.475,0.056,17.289,0.084,5.674,0.124,16.231,0.056,NA,22162174.56,22292013.2513333,358.198305358855
"402",402,402,13.518,0.075,19.292,0.094,7.767,0.146,16.859,0.058,NA,22162174.56,22324472.9241667,357.169639367597
"403",403,403,14.595,0.11,20.228,0.062,8.947,0.174,17.155,0.062,NA,22162174.56,22356932.597,355.514748543716
"404",404,404,13.835,0.065,19.584,0.066,8.228,0.108,16.926,0.058,NA,22162174.56,22389392.2698333,354.216121301647
"405",405,405,11.93,0.102,17.639,0.06,6.287,0.121,16.381,0.062,NA,22162174.56,22421851.9426667,354.462268558992
"406",406,406,9.614,0.064,15.294,0.061,3.987,0.047,15.543,0.058,NA,22162174.56,22454311.6155,355.846226398214
"407",407,407,5.738,0.09,11.091,0.098,0.363,0.07,14.41,0.059,NA,22162174.56,22486771.2883333,357.147043781194
"408",408,408,4.035,0.081,9.358,0.07,-1.139,0.145,13.904,0.059,NA,22162174.56,22519230.9611667,357.987907517045
"409",409,409,3.024,0.063,8.336,0.107,-2.274,0.099,13.731,0.057,22551690.634,22551690.634,22551690.634,358.615234444645
"410",410,410,2.81,0.105,8.594,0.093,-2.768,0.094,13.773,0.062,NA,22551690.634,22592176.7586667,359.048370171122
"411",411,411,5.731,0.071,11.663,0.083,-0.131,0.119,14.713,0.058,NA,22551690.634,22632662.8833333,359.391561025572
"412",412,412,9.018,0.044,14.961,0.16,3.162,0.191,15.584,0.057,NA,22551690.634,22673149.008,359.613660636106
"413",413,413,11.684,0.08,17.582,0.106,5.682,0.092,16.348,0.06,NA,22551690.634,22713635.1326667,359.409344838867
"414",414,414,14.144,0.087,19.932,0.099,8.288,0.109,17.021,0.061,NA,22551690.634,22754121.2573333,358.457254993843
"415",415,415,14.658,0.076,20.421,0.111,8.947,0.145,17.183,0.059,NA,22551690.634,22794607.382,356.880824046041
"416",416,416,13.977,0.051,19.808,0.087,8.274,0.173,17.036,0.055,NA,22551690.634,22835093.5066667,355.661712767803
"417",417,417,12.516,0.068,18.335,0.123,6.821,0.159,16.498,0.058,NA,22551690.634,22875579.6313333,355.985479352083
"418",418,418,10.002,0.077,15.606,0.093,4.543,0.166,15.743,0.06,NA,22551690.634,22916065.756,357.444564161982
"419",419,419,6.788,0.064,12.2,0.091,1.311,0.11,14.754,0.056,NA,22551690.634,22956551.8806667,358.816360837284
"420",420,420,4.113,0.065,9.313,0.158,-1.102,0.064,14.036,0.06,NA,22551690.634,22997038.0053333,359.723179177393
"421",421,421,3.54,0.057,8.895,0.151,-1.769,0.173,13.945,0.06,23037524.13,23037524.13,23037524.13,360.54545425051
"422",422,422,4.656,0.083,10.257,0.145,-0.879,0.127,14.388,0.062,NA,23037524.13,23082026.842,361.013655411636
"423",423,423,5.956,0.077,11.784,0.165,0.265,0.108,14.783,0.061,NA,23037524.13,23126529.554,361.369215468247
"424",424,424,8.972,0.078,14.839,0.122,3.162,0.17,15.587,0.061,NA,23037524.13,23171032.266,361.589771087494
"425",425,425,11.57,0.063,17.301,0.121,5.758,0.222,16.279,0.057,NA,23037524.13,23215534.978,361.335497598017
"426",426,426,14.164,0.088,20.115,0.186,8.232,0.053,17.008,0.061,NA,23037524.13,23260037.69,360.302936197425
"427",427,427,15.116,0.079,20.803,0.185,9.331,0.168,17.375,0.061,NA,23037524.13,23304540.402,358.72537483839
"428",428,428,14.636,0.088,20.409,0.083,8.808,0.231,17.297,0.061,NA,23037524.13,23349043.114,357.595918665619
"429",429,429,12.565,0.087,18.382,0.068,6.921,0.182,16.58,0.06,NA,23037524.13,23393545.826,357.99430614889
"430",430,430,10.106,0.086,15.749,0.13,4.49,0.144,15.748,0.062,NA,23037524.13,23438048.538,359.537217325747
"431",431,431,6.761,0.087,12.387,0.104,1.266,0.205,14.713,0.06,NA,23037524.13,23482551.25,360.966567939333
"432",432,432,4.123,0.044,9.396,0.131,-1.143,0.113,13.951,0.059,NA,23037524.13,23527053.962,361.89156246679
"433",433,433,2.862,0.088,8.351,0.107,-2.512,0.108,13.721,0.059,23571556.674,23571556.674,23571556.674,362.468858503602
"434",434,434,4.012,0.118,9.769,0.095,-1.762,0.08,14.207,0.064,NA,23571556.674,23605177.5635,362.924112871114
"435",435,435,5.524,0.085,11.411,0.157,-0.285,0.145,14.658,0.059,NA,23571556.674,23638798.453,363.273165040477
"436",436,436,8.679,0.073,14.471,0.099,2.717,0.13,15.541,0.057,NA,23571556.674,23672419.3425,363.487134417257
"437",437,437,11.588,0.106,17.437,0.102,5.792,0.123,16.272,0.063,NA,23571556.674,23706040.232,363.252799435437
"438",438,438,13.681,0.091,19.405,0.143,7.854,0.106,16.847,0.058,NA,23571556.674,23739661.1215,362.253207899501
"439",439,439,14.827,0.097,20.65,0.087,9.123,0.129,17.22,0.061,NA,23571556.674,23773282.011,360.637790666246
"440",440,440,14.603,0.073,20.416,0.13,8.918,0.126,17.21,0.059,NA,23571556.674,23806902.9005,359.391099179012
"441",441,441,12.294,0.053,17.974,0.116,6.711,0.17,16.444,0.056,NA,23571556.674,23840523.79,359.674048180117
"442",442,442,9.525,0.097,15.191,0.155,3.929,0.089,15.516,0.061,NA,23571556.674,23874144.6795,361.08497310056
"443",443,443,6.547,0.078,11.952,0.112,1.178,0.083,14.607,0.059,NA,23571556.674,23907765.569,362.393154826528
"444",444,444,4.325,0.058,9.82,0.112,-1.089,0.06,14.053,0.058,NA,23571556.674,23941386.4585,363.219193396604
"445",445,445,3.165,0.083,8.588,0.099,-2.134,0.078,13.818,0.058,23975007.348,23975007.348,23975007.348,363.936473458322
"446",446,446,3.766,0.093,9.456,0.067,-1.885,0.086,14.178,0.059,NA,23975007.348,23986606.069,364.30488363752
"447",447,447,6.012,0.139,11.808,0.188,0.19,0.095,14.873,0.068,NA,23975007.348,23998204.79,364.559562834599
"448",448,448,8.891,0.054,14.817,0.114,2.967,0.115,15.634,0.055,NA,23975007.348,24009803.511,364.68304160492
"449",449,449,11.593,0.072,17.378,0.109,5.802,0.149,16.388,0.056,NA,23975007.348,24021402.232,364.334821804852
"450",450,450,14.131,0.066,19.913,0.096,8.334,0.135,17.158,0.056,NA,23975007.348,24033000.953,363.217511171442
"451",451,451,14.565,0.132,20.26,0.094,8.825,0.089,17.307,0.065,NA,23975007.348,24044599.674,361.582290632992
"452",452,452,14.256,0.091,20.13,0.104,8.579,0.122,17.266,0.059,NA,23975007.348,24056198.395,360.427501537295
"453",453,453,12.685,0.105,18.555,0.313,6.973,0.162,16.766,0.061,NA,23975007.348,24067797.116,360.823036752117
"454",454,454,10.109,0.07,15.682,0.108,4.665,0.145,15.935,0.056,NA,23975007.348,24079395.837,362.392458318041
"455",455,455,6.841,0.096,12.195,0.092,1.503,0.086,14.952,0.06,NA,23975007.348,24090994.558,363.876869749119
"456",456,456,4.417,0.062,9.634,0.064,-0.737,0.076,14.291,0.057,NA,23975007.348,24102593.279,364.885090223537
"457",457,457,3.352,0.076,8.555,0.093,-1.776,0.086,14.063,0.063,24114192,24114192,24114192,365.605534630582
"458",458,458,4.826,0.106,10.475,0.11,-0.768,0.077,14.611,0.066,NA,24114192,24109608.25,366.183283846586
"459",459,459,6.023,0.082,11.888,0.073,0.301,0.102,14.958,0.065,NA,24114192,24105024.5,366.666421916706
"460",460,460,9.358,0.05,15.255,0.088,3.439,0.194,15.884,0.062,NA,24114192,24100440.75,367.024534459323
"461",461,461,12.291,0.083,18.182,0.164,6.372,0.105,16.671,0.062,NA,24114192,24095857,366.926586627904
"462",462,462,14.521,0.114,20.404,0.13,8.778,0.072,17.289,0.066,NA,24114192,24091273.25,366.057521383851
"463",463,463,15.34,0.074,20.972,0.062,9.715,0.17,17.609,0.062,NA,24114192,24086689.5,364.603251430483
"464",464,464,14.874,0.074,20.505,0.128,9.344,0.217,17.491,0.062,NA,24114192,24082105.75,363.547795385321
"465",465,465,12.673,0.047,18.336,0.123,7.152,0.177,16.657,0.061,NA,24114192,24077522,364.00742946593
"466",466,466,9.941,0.055,15.506,0.117,4.45,0.116,15.768,0.064,NA,24114192,24072938.25,365.584768753636
"467",467,467,6.404,0.081,11.872,0.09,1.039,0.082,14.697,0.062,NA,24114192,24068354.5,367.030900056053
"468",468,468,4.669,0.045,10.083,0.079,-0.656,0.101,14.214,0.061,NA,24114192,24063770.75,367.957468280401
"469",469,469,3.544,0.07,8.877,0.065,-1.732,0.11,13.933,0.063,24059187,24059187,24059187,368.772140754742
"470",470,470,4.694,0.089,10.4,0.063,-0.957,0.099,14.367,0.065,NA,24059187,24111747.3333333,369.167510193577
"471",471,471,5.53,0.102,11.4,0.106,-0.274,0.086,14.676,0.069,NA,24059187,24164307.6666667,369.41600261673
"472",472,472,8.838,0.064,14.807,0.085,2.931,0.175,15.572,0.064,NA,24059187,24216868,369.506585423901
"473",473,473,11.706,0.045,17.613,0.116,5.824,0.155,16.298,0.061,NA,24059187,24269428.3333333,369.080111209585
"474",474,474,14.031,0.072,19.831,0.121,8.205,0.131,16.957,0.062,NA,24059187,24321988.6666667,367.850908433126
"475",475,475,14.853,0.101,20.578,0.087,9.24,0.12,17.218,0.064,NA,24059187,24374549,366.13517243503
"476",476,476,14.348,0.089,20.158,0.076,8.696,0.125,17.1,0.063,NA,24059187,24427109.3333333,364.939223852442
"477",477,477,12.723,0.056,18.472,0.165,7.109,0.134,16.605,0.059,NA,24059187,24479669.6666667,365.272972705924
"478",478,478,9.997,0.095,15.583,0.107,4.491,0.064,15.675,0.063,NA,24059187,24532230,366.775376175835
"479",479,479,6.592,0.083,12.121,0.08,1.107,0.085,14.673,0.063,NA,24059187,24584790.3333333,368.168325157881
"480",480,480,4.565,0.085,9.953,0.09,-0.692,0.078,14.13,0.064,NA,24059187,24637350.6666667,369.055368459735
"481",481,481,2.95,0.091,8.349,0.103,-2.322,0.072,13.773,0.064,24689911,24689911,24689911,369.785474278803
"482",482,482,4.184,0.093,9.863,0.096,-1.371,0.092,14.266,0.065,NA,24689911,24738804.3333333,370.180661130594
"483",483,483,6.219,0.12,12.205,0.133,0.376,0.082,14.846,0.069,NA,24689911,24787697.6666667,370.465332579828
"484",484,484,9.552,0.075,15.534,0.156,3.68,0.153,15.762,0.062,NA,24689911,24836591,370.617166509638
"485",485,485,11.874,0.064,17.721,0.127,5.997,0.2,16.395,0.061,NA,24689911,24885484.3333333,370.30293062344
"486",486,486,14.06,0.1,19.847,0.206,8.243,0.161,17,0.067,NA,24689911,24934377.6666667,369.217822121701
"487",487,487,14.848,0.12,20.665,0.107,9.098,0.098,17.242,0.066,NA,24689911,24983271,367.579574108295
"488",488,488,14.519,0.086,20.308,0.095,8.796,0.152,17.243,0.063,NA,24689911,25032164.3333333,366.380192990544
"489",489,489,12.547,0.058,18.373,0.115,6.822,0.142,16.613,0.061,NA,24689911,25081057.6666667,366.716030984885
"490",490,490,9.486,0.047,15.069,0.134,4,0.097,15.588,0.06,NA,24689911,25129951,368.200696744633
"491",491,491,6.312,0.084,11.67,0.092,0.996,0.064,14.632,0.062,NA,24689911,25178844.3333333,369.582070828093
"492",492,492,3.863,0.064,9.182,0.108,-1.333,0.072,13.968,0.062,NA,24689911,25227737.6666667,370.471807480414
"493",493,493,3.336,0.077,8.827,0.088,-2.078,0.06,13.936,0.063,25276631,25276631,25276631,371.243618505782
"494",494,494,3.72,0.109,9.486,0.059,-1.997,0.091,14.179,0.067,NA,25276631,25307494.9166667,371.655337844795
"495",495,495,6.208,0.058,12.131,0.094,0.411,0.117,14.982,0.062,NA,25276631,25338358.8333333,371.944339732814
"496",496,496,9.245,0.098,15.174,0.118,3.234,0.155,15.808,0.066,NA,25276631,25369222.75,372.095200337397
"497",497,497,12.271,0.105,18.185,0.13,6.35,0.107,16.569,0.066,NA,25276631,25400086.6666667,371.745153649001
"498",498,498,14.11,0.085,19.962,0.133,8.218,0.134,17.151,0.063,NA,25276631,25430950.5833333,370.603974156438
"499",499,499,15.161,0.101,20.923,0.104,9.428,0.149,17.45,0.065,NA,25276631,25461814.5,368.981734924533
"500",500,500,14.427,0.115,20.332,0.103,8.664,0.178,17.294,0.068,NA,25276631,25492678.4166667,367.880756102455
"501",501,501,12.736,0.087,18.581,0.114,7.07,0.17,16.758,0.065,NA,25276631,25523542.3333333,368.309154841672
"502",502,502,9.935,0.073,15.578,0.101,4.353,0.109,15.831,0.064,NA,25276631,25554406.25,369.901774484051
"503",503,503,7.319,0.086,12.89,0.093,1.92,0.082,15.011,0.064,NA,25276631,25585270.1666667,371.3774582265
"504",504,504,4.507,0.055,9.841,0.108,-0.685,0.089,14.241,0.062,NA,25276631,25616134.0833333,372.337378378137
"505",505,505,4.026,0.065,9.459,0.123,-1.322,0.089,14.258,0.062,25646998,25646998,25646998,373.026172704851
"506",506,506,4.704,0.078,10.435,0.104,-0.948,0.058,14.505,0.065,NA,25646998,25763730.8333333,373.491646168693
"507",507,507,6.772,0.034,12.775,0.083,0.894,0.113,15.198,0.064,NA,25646998,25880463.6666667,373.841910064592
"508",508,508,9.229,0.049,15.146,0.099,3.308,0.152,15.818,0.062,NA,25646998,25997196.5,374.060168249199
"509",509,509,12.248,0.081,18.157,0.17,6.199,0.197,16.605,0.062,NA,25646998,26113929.3333333,373.791427197408
"510",510,510,14.084,0.052,19.912,0.143,8.184,0.151,17.11,0.06,NA,25646998,26230662.1666667,372.742162922011
"511",511,511,15.354,0.077,21.199,0.075,9.409,0.096,17.487,0.062,NA,25646998,26347395,371.199594475625
"512",512,512,14.56,0.067,20.444,0.136,8.807,0.136,17.328,0.061,NA,25646998,26464127.8333333,370.162337339838
"513",513,513,12.95,0.103,18.785,0.129,7.16,0.083,16.799,0.065,NA,25646998,26580860.6666667,370.65818734628
"514",514,514,9.988,0.079,15.599,0.166,4.484,0.15,15.859,0.062,NA,25646998,26697593.5,372.314132942732
"515",515,515,6.892,0.12,12.48,0.142,1.389,0.136,14.856,0.067,NA,25646998,26814326.3333333,373.853781218836
"516",516,516,4.038,0.064,9.357,0.119,-1.189,0.045,14.127,0.063,NA,25646998,26931059.1666667,374.878410779287
"517",517,517,3.981,0.07,9.558,0.119,-1.481,0.091,14.207,0.064,27047792,27047792,27047792,375.535822058524
"518",518,518,4.085,0.097,9.749,0.088,-1.48,0.111,14.359,0.065,NA,27047792,27159941.0833333,376.070855134817
"519",519,519,6.048,0.055,11.972,0.077,0.215,0.127,14.973,0.062,NA,27047792,27272090.1666667,376.491907259029
"520",520,520,9.154,0.074,15.033,0.105,3.209,0.122,15.774,0.063,NA,27047792,27384239.25,376.771543059199
"521",521,521,12.153,0.095,18.118,0.136,6.208,0.162,16.567,0.063,NA,27047792,27496388.3333333,376.582006036132
"522",522,522,14.017,0.135,19.77,0.12,8.222,0.146,17.104,0.068,NA,27047792,27608537.4166667,375.611155111497
"523",523,523,14.983,0.184,20.757,0.117,9.223,0.154,17.423,0.078,NA,27047792,27720686.5,374.047182447105
"524",524,524,14.691,0.089,20.48,0.084,8.974,0.119,17.402,0.063,NA,27047792,27832835.5833333,372.87797991764
"525",525,525,12.911,0.067,18.692,0.181,7.221,0.18,16.839,0.06,NA,27047792,27944984.6666667,373.227409972286
"526",526,526,10.424,0.085,16.115,0.116,4.74,0.094,15.997,0.063,NA,27047792,28057133.75,374.705348931082
"527",527,527,6.727,0.075,12.203,0.134,1.347,0.117,14.838,0.061,NA,27047792,28169282.8333333,376.070556717948
"528",528,528,5.133,0.062,10.545,0.088,-0.179,0.091,14.436,0.062,NA,27047792,28281431.9166667,376.940173762174
"529",529,529,3.525,0.062,8.901,0.109,-1.65,0.097,14.097,0.059,28393581,28393581,28393581,377.646011115866
"530",530,530,4.499,0.104,10.171,0.085,-1.182,0.075,14.488,0.065,NA,28393581,28484950.4166667,378.039997655153
"531",531,531,6.321,0.069,12.275,0.082,0.376,0.093,14.992,0.061,NA,28393581,28576319.8333333,378.315772770564
"532",532,532,9.249,0.057,15.132,0.111,3.285,0.133,15.811,0.061,NA,28393581,28667689.25,378.455286587677
"533",533,533,11.571,0.07,17.296,0.075,5.707,0.144,16.383,0.058,NA,28393581,28759058.6666667,378.116440150502
"534",534,534,13.889,0.097,19.66,0.128,8.035,0.155,17.006,0.063,NA,28393581,28850428.0833333,377.001475689136
"535",535,535,14.312,0.115,20.087,0.115,8.624,0.133,17.227,0.065,NA,28393581,28941797.5,375.363376458427
"536",536,536,14.188,0.104,20.011,0.09,8.382,0.083,17.266,0.063,NA,28393581,29033166.9166667,374.199824932008
"537",537,537,12.642,0.084,18.451,0.122,6.907,0.108,16.745,0.059,NA,28393581,29124536.3333333,374.575570589771
"538",538,538,10.127,0.091,15.843,0.117,4.511,0.092,15.889,0.061,NA,28393581,29215905.75,376.110949909534
"539",539,539,7.315,0.092,12.796,0.126,1.91,0.082,15.022,0.06,NA,28393581,29307275.1666667,377.542420121428
"540",540,540,4.257,0.056,9.593,0.149,-0.932,0.076,14.161,0.06,NA,28393581,29398644.5833333,378.476904004796
"541",541,541,3.808,0.064,9.026,0.135,-1.377,0.066,14.159,0.059,29490014,29490014,29490014,379.209120777322
"542",542,542,3.92,0.115,9.508,0.093,-1.534,0.051,14.293,0.067,NA,29490014,29579855.5,379.668215399513
"543",543,543,6.544,0.06,12.316,0.098,0.813,0.074,15.106,0.064,NA,29490014,29669697,380.011774654507
"544",544,544,9.618,0.052,15.551,0.133,3.697,0.164,15.978,0.061,NA,29490014,29759538.5,380.220826243951
"545",545,545,12.226,0.09,17.995,0.132,6.392,0.166,16.629,0.061,NA,29490014,29849380,379.942337639657
"546",546,546,14.476,0.083,20.104,0.142,8.863,0.14,17.248,0.062,NA,29490014,29939221.5,378.87973729252
"547",547,547,15.19,0.094,20.88,0.091,9.569,0.156,17.503,0.063,NA,29490014,30029063,377.30846304186
"548",548,548,14.51,0.078,20.25,0.091,8.934,0.153,17.375,0.059,NA,29490014,30118904.5,376.226031673632
"549",549,549,13.217,0.08,19.11,0.109,7.412,0.148,16.903,0.059,NA,29490014,30208746,376.671625911105
"550",550,550,10.601,0.064,16.235,0.101,5.004,0.089,16.025,0.059,NA,29490014,30298587.5,378.271247420696
"551",551,551,7.423,0.068,12.944,0.111,1.988,0.073,15.005,0.058,NA,29490014,30388429,379.753225568425
"552",552,552,4.878,0.054,10.279,0.121,-0.395,0.065,14.327,0.058,NA,29490014,30478270.5,380.721454114724
"553",553,553,3.286,0.064,8.617,0.106,-1.942,0.113,13.99,0.059,30568112,30568112,30568112,381.415319579108
"554",554,554,4.43,0.118,10.124,0.185,-1.229,0.09,14.435,0.066,NA,30568112,30619144.4166667,381.885875166065
"555",555,555,6.329,0.077,12.239,0.098,0.56,0.097,14.966,0.062,NA,30568112,30670176.8333333,382.234868070196
"556",556,556,9.055,0.089,15.004,0.191,3.081,0.166,15.729,0.061,NA,30568112,30721209.25,382.441484036704
"557",557,557,11.786,0.092,17.65,0.25,5.791,0.206,16.463,0.06,NA,30568112,30772241.6666667,382.159612022245
"558",558,558,14.443,0.093,20.317,0.156,8.53,0.131,17.216,0.06,NA,30568112,30823274.0833333,381.088992680633
"559",559,559,15.042,0.116,20.905,0.218,9.288,0.132,17.419,0.063,NA,30568112,30874306.5,379.48275987957
"560",560,560,14.913,0.107,20.79,0.122,9.147,0.182,17.479,0.061,NA,30568112,30925338.9166667,378.336049612504
"561",561,561,12.875,0.104,18.779,0.104,7.081,0.167,16.792,0.062,NA,30568112,30976371.3333333,378.70964306514
"562",562,562,10.289,0.077,15.925,0.091,4.796,0.129,15.935,0.06,NA,30568112,31027403.75,380.226537181654
"563",563,563,6.955,0.078,12.448,0.123,1.518,0.163,14.931,0.058,NA,30568112,31078436.1666667,381.624907680008
"564",564,564,4.987,0.065,10.346,0.151,-0.243,0.084,14.407,0.06,NA,30568112,31129468.5833333,382.514034543465
"565",565,565,4.579,0.059,10.084,0.147,-0.818,0.073,14.417,0.057,31180501,31180501,31180501,383.218834068972
"566",566,566,4.221,0.077,10.039,0.077,-1.503,0.074,14.408,0.059,NA,31180501,31263925.25,383.612531428737
"567",567,567,6.485,0.113,12.483,0.096,0.517,0.142,15.017,0.065,NA,31180501,31347349.5,383.883640205871
"568",568,568,9.823,0.109,15.807,0.183,3.88,0.211,15.93,0.062,NA,31180501,31430773.75,384.017986938474
"569",569,569,12.518,0.07,18.395,0.165,6.568,0.157,16.629,0.055,NA,31180501,31514198,383.657537339967
"570",570,570,14.309,0.072,20.223,0.105,8.37,0.13,17.168,0.056,NA,31180501,31597622.25,382.512582993628
"571",571,571,15.23,0.115,21.108,0.116,9.482,0.166,17.485,0.061,NA,31180501,31681046.5,380.886244333888
"572",572,572,14.752,0.113,20.641,0.146,9.032,0.192,17.339,0.061,NA,31180501,31764470.75,379.781439575922
"573",573,573,12.93,0.102,18.838,0.152,7.18,0.162,16.737,0.059,NA,31180501,31847895,380.216157737157
"574",574,574,10.332,0.1,16.134,0.13,4.609,0.12,15.867,0.06,NA,31180501,31931319.25,381.822774495932
"575",575,575,7.084,0.085,12.772,0.132,1.478,0.105,14.821,0.057,NA,31180501,32014743.5,383.319929395314
"576",576,576,4.523,0.059,9.873,0.097,-0.684,0.114,14.11,0.057,NA,31180501,32098167.75,384.306637692534
"577",577,577,2.844,0.059,8.155,0.16,-2.383,0.109,13.719,0.057,32181592,32181592,32181592,385.02205160058
"578",578,578,3.576,0.068,9.351,0.078,-2.106,0.1,14.061,0.059,NA,32181592,32157450.9166667,385.514619629524
"579",579,579,6.906,0.099,12.992,0.106,0.879,0.112,15.077,0.063,NA,32181592,32133309.8333333,385.886647242407
"580",580,580,9.295,0.083,15.42,0.121,3.175,0.127,15.735,0.058,NA,32181592,32109168.75,386.117332029804
"581",581,581,12.054,0.071,17.989,0.084,6.053,0.155,16.497,0.055,NA,32181592,32085027.6666667,385.851448324722
"582",582,582,14.145,0.097,19.973,0.091,8.266,0.144,17.077,0.058,NA,32181592,32060886.5833333,384.790670931397
"583",583,583,15.174,0.072,21.006,0.138,9.407,0.16,17.449,0.054,NA,32181592,32036745.5,383.20945595498
"584",584,584,14.377,0.113,20.176,0.073,8.594,0.141,17.282,0.06,NA,32181592,32012604.4166667,382.103512384621
"585",585,585,12.802,0.087,18.629,0.087,7.116,0.154,16.757,0.057,NA,32181592,31988463.3333333,382.50922994869
"586",586,586,10.399,0.078,16.038,0.091,4.847,0.125,15.931,0.056,NA,32181592,31964322.25,384.051818590828
"587",587,587,7.224,0.064,12.738,0.107,1.796,0.103,14.919,0.054,NA,32181592,31940181.1666667,385.46240866112
"588",588,588,4.385,0.056,9.834,0.106,-0.946,0.128,14.151,0.056,NA,32181592,31916040.0833333,386.349028234684
"589",589,589,3.687,0.078,9.176,0.103,-1.756,0.107,14.091,0.058,31891899,31891899,31891899,387.085162397516
"590",590,590,4.094,0.083,9.822,0.06,-1.545,0.077,14.267,0.06,NA,31891899,32023605.4166667,387.447115897967
"591",591,591,6.086,0.058,12.065,0.093,0.132,0.112,14.873,0.06,NA,31891899,32155311.8333333,387.673759078522
"592",592,592,9.367,0.084,15.377,0.098,3.32,0.194,15.819,0.059,NA,31891899,32287018.25,387.757257781782
"593",593,593,12.112,0.104,18.01,0.177,6.141,0.167,16.571,0.06,NA,31891899,32418724.6666667,387.322994620408
"594",594,594,14.201,0.074,20.056,0.172,8.3,0.122,17.26,0.057,NA,31891899,32550431.0833333,386.092428620552
"595",595,595,15.231,0.148,21.085,0.1,9.456,0.13,17.578,0.067,NA,31891899,32682137.5,384.428547518294
"596",596,596,14.655,0.109,20.577,0.103,8.855,0.137,17.427,0.06,NA,31891899,32813843.9166667,383.342018240952
"597",597,597,13.153,0.05,19.006,0.094,7.397,0.133,16.864,0.053,NA,31891899,32945550.3333333,383.796519395787
"598",598,598,10.136,0.075,15.79,0.087,4.563,0.104,15.91,0.056,NA,31891899,33077256.75,385.440695945999
"599",599,599,7.031,0.087,12.574,0.085,1.64,0.128,14.968,0.057,NA,31891899,33208963.1666667,386.976942307698
"600",600,600,4.31,0.081,9.661,0.121,-0.94,0.101,14.298,0.06,NA,31891899,33340669.5833333,387.99678672169
"601",601,601,3.737,0.079,9.245,0.087,-1.677,0.082,14.208,0.06,33472376,33472376,33472376,388.68945973037
"602",602,602,4.399,0.08,10.034,0.083,-1.107,0.079,14.517,0.061,NA,33472376,33586969.75,389.215442489066
"603",603,603,6.738,0.057,12.669,0.074,0.796,0.119,15.223,0.059,NA,33472376,33701563.5,389.627745166431
"604",604,604,9.671,0.087,15.616,0.153,3.759,0.159,16.039,0.06,NA,33472376,33816157.25,389.905854179395
"605",605,605,12.406,0.078,18.173,0.143,6.524,0.132,16.732,0.057,NA,33472376,33930751,389.690348464925
"606",606,606,14.421,0.086,20.252,0.118,8.489,0.128,17.271,0.057,NA,33472376,34045344.75,388.684136163831
"607",607,607,15.213,0.09,20.97,0.08,9.551,0.141,17.532,0.057,NA,33472376,34159938.5,387.172431268504
"608",608,608,14.768,0.112,20.656,0.062,8.984,0.124,17.412,0.061,NA,33472376,34274532.25,386.151507311465
"609",609,609,12.863,0.065,18.603,0.092,7.252,0.117,16.761,0.054,NA,33472376,34389126,386.646171981652
"610",610,610,10.442,0.07,16.115,0.083,4.905,0.12,15.939,0.057,NA,33472376,34503719.75,388.282614912372
"611",611,611,7.487,0.102,13.168,0.128,1.95,0.097,14.995,0.06,NA,33472376,34618313.5,389.783913446193
"612",612,612,4.292,0.095,9.887,0.138,-1.139,0.09,14.117,0.06,NA,33472376,34732907.25,390.754726227595
"613",613,613,3.282,0.082,8.722,0.096,-2.034,0.133,13.928,0.059,34847501,34847501,34847501,391.550374540854
"614",614,614,3.743,0.067,9.435,0.077,-1.906,0.104,14.193,0.059,NA,34847501,34899450.1666667,391.983170104342
"615",615,615,6.101,0.064,11.963,0.098,0.314,0.144,14.88,0.06,NA,34847501,34951399.3333333,392.273777209407
"616",616,616,9.483,0.046,15.45,0.152,3.524,0.159,15.832,0.056,NA,34847501,35003348.5,392.412684331156
"617",617,617,11.986,0.056,17.917,0.105,6.023,0.165,16.523,0.056,NA,34847501,35055297.6666667,392.024983300155
"618",618,618,14.37,0.082,20.231,0.102,8.48,0.143,17.203,0.058,NA,34847501,35107246.8333333,390.830163719054
"619",619,619,15.482,0.113,21.32,0.131,9.684,0.11,17.568,0.062,NA,34847501,35159196,389.186297223591
"620",620,620,15.012,0.091,20.922,0.114,9.208,0.13,17.475,0.059,NA,34847501,35211145.1666667,388.102288117963
"621",621,621,12.912,0.083,18.89,0.14,6.998,0.147,16.762,0.057,NA,34847501,35263094.3333333,388.543809832822
"622",622,622,10.352,0.087,16.075,0.08,4.85,0.115,15.873,0.059,NA,34847501,35315043.5,390.157512001077
"623",623,623,6.814,0.107,12.395,0.094,1.432,0.156,14.799,0.06,NA,34847501,35366992.6666667,391.64900649579
"624",624,624,4.655,0.106,10.098,0.183,-0.641,0.133,14.198,0.063,NA,34847501,35418941.8333333,392.614109419699
"625",625,625,3.157,0.085,8.691,0.135,-2.233,0.117,13.859,0.06,35470891,35470891,35470891,393.368201762375
"626",626,626,3.628,0.102,9.379,0.084,-2.067,0.145,14.164,0.063,NA,35470891,35501449.3333333,393.810230907357
"627",627,627,6.023,0.054,12.025,0.082,0.075,0.16,14.863,0.061,NA,35470891,35532007.6666667,394.122077579969
"628",628,628,9.676,0.055,15.679,0.129,3.689,0.144,15.881,0.059,NA,35470891,35562566,394.294354317385
"629",629,629,12.59,0.109,18.611,0.108,6.461,0.162,16.699,0.064,NA,35470891,35593124.3333333,393.940997891144
"630",630,630,14.492,0.078,20.43,0.101,8.505,0.14,17.252,0.06,NA,35470891,35623682.6666667,392.783997683372
"631",631,631,15.076,0.076,21.006,0.079,9.229,0.113,17.45,0.06,NA,35470891,35654241,391.207887730372
"632",632,632,14.72,0.069,20.709,0.079,8.84,0.218,17.42,0.06,NA,35470891,35684799.3333333,390.222389906752
"633",633,633,13.04,0.069,19.074,0.093,7.176,0.188,16.882,0.06,NA,35470891,35715357.6666667,390.763437420451
"634",634,634,10.428,0.098,16.203,0.099,4.765,0.134,16.019,0.063,NA,35470891,35745916,392.481831761671
"635",635,635,7.156,0.116,12.689,0.15,1.796,0.127,15.001,0.064,NA,35470891,35776474.3333333,394.071891378357
"636",636,636,4.102,0.09,9.498,0.149,-1.162,0.096,14.138,0.064,NA,35470891,35807032.6666667,395.12461425103
"637",637,637,3.685,0.097,9.255,0.154,-1.726,0.088,14.117,0.064,35837591,35837591,35837591,395.804187485133
"638",638,638,4.222,0.093,9.95,0.057,-1.472,0.148,14.359,0.065,NA,35837591,35862648.8333333,396.33243237588
"639",639,639,6.261,0.09,12.328,0.089,0.174,0.142,14.952,0.066,NA,35837591,35887706.6666667,396.737347279326
"640",640,640,9.044,0.098,15.084,0.15,3.055,0.177,15.749,0.065,NA,35837591,35912764.5,396.999848343335
"641",641,641,12.195,0.104,18.107,0.139,6.263,0.196,16.609,0.065,NA,35837591,35937822.3333333,396.761680723964
"642",642,642,14.568,0.09,20.44,0.158,8.685,0.165,17.257,0.062,NA,35837591,35962880.1666667,395.727237796364
"643",643,643,15.003,0.126,20.737,0.1,9.33,0.153,17.503,0.068,NA,35837591,35987938,394.183780599406
"644",644,644,14.742,0.129,20.596,0.12,9.014,0.179,17.462,0.068,NA,35837591,36012995.8333333,393.129028598839
"645",645,645,13.154,0.104,18.947,0.077,7.482,0.194,16.894,0.064,NA,35837591,36038053.6666667,393.588519523011
"646",646,646,10.256,0.077,15.994,0.1,4.663,0.135,15.905,0.062,NA,35837591,36063111.5,395.189965447952
"647",647,647,7.424,0.079,12.965,0.113,2.016,0.116,15.107,0.062,NA,35837591,36088169.3333333,396.656353619435
"648",648,648,4.724,0.085,10.083,0.129,-0.548,0.105,14.339,0.065,NA,35837591,36113227.1666667,397.589370336524
"649",649,649,3.732,0.075,9.327,0.138,-1.755,0.091,14.136,0.064,36138285,36138285,36138285,398.410233329584
"650",650,650,3.5,0.068,9.146,0.073,-2.08,0.095,14.157,0.065,NA,36138285,36138285,398.790646605445
"651",651,651,6.378,0.098,12.367,0.108,0.436,0.139,15.09,0.068,NA,36138285,36138285,399.020053252037
"652",652,652,9.589,0.111,15.529,0.09,3.617,0.193,16.038,0.069,NA,36138285,36138285,399.094613174124
"653",653,653,12.582,0.068,18.362,0.158,6.613,0.166,16.804,0.059,NA,36138285,36138285,398.623928173523
"654",654,654,14.335,0.096,20.126,0.095,8.473,0.157,17.303,0.064,NA,36138285,36138285,397.33761651327
"655",655,655,14.873,0.078,20.711,0.091,9.112,0.135,17.508,0.061,NA,36138285,36138285,395.648835235684
"656",656,656,14.875,0.115,20.79,0.098,9.047,0.173,17.607,0.064,NA,36138285,36138285,394.573461208627
"657",657,657,13.091,0.086,18.865,0.106,7.399,0.155,16.975,0.059,NA,36138285,36138285,395.026810069061
"658",658,658,10.33,0.076,16.066,0.111,4.689,0.126,16.029,0.059,NA,36138285,36138285,396.668759675911
"659",659,659,6.713,0.121,12.284,0.124,1.313,0.115,14.899,0.064,NA,36138285,36138285,398.189074185698
"660",660,660,4.85,0.09,10.19,0.148,-0.331,0.123,14.41,0.062,NA,36138285,36138285,399.179691756507
