dt,LandAverageTemperature,LandAverageTemperatureUncertainty,LandMaxTemperature,LandMaxTemperatureUncertainty,LandMinTemperature,LandMinTemperatureUncertainty,LandAndOceanAverageTemperature,LandAndOceanAverageTemperatureUncertainty,world_emission
1960-01-01,2.713,0.086,8.222000000000001,0.113,-2.623,0.085,13.552999999999999,0.067,9396705.835
1960-02-01,3.798,0.125,9.748,0.081,-1.92,0.27399999999999997,13.956,0.07,
1960-03-01,4.303,0.077,10.216,0.092,-1.6769999999999998,0.084,14.145,0.066,
1960-04-01,8.133,0.08800000000000001,13.955,0.13699999999999998,2.229,0.10400000000000001,15.19,0.066,
1960-05-01,10.872,0.156,16.71,0.256,5.0440000000000005,0.235,15.956,0.079,
1960-06-01,13.484000000000002,0.08,19.305999999999997,0.22699999999999998,7.729,0.105,16.67,0.071,
1960-07-01,14.198,0.07200000000000001,19.884,0.125,8.491999999999999,0.094,16.985,0.07,
1960-08-01,13.825,0.079,19.604,0.177,8.241999999999999,0.165,16.969,0.069,
1960-09-01,12.095,0.099,17.855999999999995,0.226,6.497999999999998,0.146,16.382,0.069,
1960-10-01,9.497,0.063,15.235,0.08900000000000001,3.8,0.11800000000000001,15.456,0.068,
1960-11-01,5.8279999999999985,0.141,11.433,0.126,0.355,0.149,14.313,0.073,
1960-12-01,4.259,0.055999999999999994,9.64,0.14400000000000002,-0.978,0.092,13.928,0.064,
1961-01-01,2.926,0.08900000000000001,8.379999999999999,0.17600000000000002,-2.383,0.129,13.664,0.064,9434402.595
1961-02-01,3.683,0.125,9.299,0.156,-1.895,0.145,14.058,0.067,
1961-03-01,5.589,0.049,11.478,0.11900000000000001,-0.2710000000000001,0.121,14.609000000000002,0.062,
1961-04-01,8.631,0.11599999999999999,14.497,0.162,2.817,0.153,15.444,0.068,
1961-05-01,11.624,0.10400000000000001,17.592000000000002,0.319,5.729,0.22699999999999998,16.241,0.071,
1961-06-01,13.702,0.154,19.598,0.239,7.796,0.28600000000000003,16.810000000000002,0.079,
1961-07-01,14.288,0.079,20.014,0.184,8.664,0.18600000000000005,16.987000000000002,0.071,
1961-08-01,13.849,0.142,19.605999999999998,0.179,8.229999999999999,0.259,16.917,0.07200000000000001,
1961-09-01,12.247,0.069,17.987000000000005,0.121,6.525,0.14300000000000002,16.309,0.063,
1961-10-01,9.328,0.138,15.057,0.136,3.508,0.313,15.401,0.071,
1961-11-01,6.205,0.06,11.655,0.09300000000000001,0.74,0.134,14.437,0.059000000000000004,
1961-12-01,3.5,0.039,9.016,0.105,-1.915,0.085,13.682,0.059000000000000004,
1962-01-01,3.003,0.075,8.657,0.094,-2.5090000000000003,0.083,13.655,0.06,9818839.874
1962-02-01,3.696,0.064,9.547,0.099,-2.045,0.21600000000000005,14.003,0.059000000000000004,
1962-03-01,5.53,0.128,11.537,0.159,-0.41600000000000004,0.218,14.522,0.069,
1962-04-01,8.54,0.17800000000000002,14.473,0.138,2.576,0.23,15.353,0.076,
1962-05-01,11.128,0.062,17.040000000000006,0.152,5.195,0.131,16.041,0.068,
1962-06-01,13.427,0.267,19.35,0.272,7.456,0.371,16.679000000000002,0.099,
1962-07-01,14.205,0.07400000000000001,20.054000000000002,0.14300000000000002,8.451,0.077,16.952,0.068,
1962-08-01,13.713,0.10300000000000001,19.553,0.153,7.940999999999999,0.128,16.830000000000002,0.065,
1962-09-01,12.017999999999999,0.255,17.845000000000006,0.159,6.313,0.313,16.246,0.094,
1962-10-01,9.468,0.20199999999999999,15.225999999999999,0.198,3.774,0.32299999999999995,15.429,0.084,
1962-11-01,6.283,0.11900000000000001,11.775,0.142,0.7969999999999999,0.207,14.421,0.067,
1962-12-01,3.94,0.068,9.425,0.198,-1.4300000000000002,0.156,13.776,0.061,
1963-01-01,2.9010000000000002,0.08,8.671,0.14300000000000002,-2.6790000000000003,0.122,13.594,0.063,10355747.346
1963-02-01,4.02,0.10800000000000001,9.95,0.096,-1.685,0.115,14.014000000000001,0.064,
1963-03-01,5.097,0.102,11.043,0.10099999999999999,-0.895,0.226,14.357,0.063,
1963-04-01,8.173,0.057999999999999996,13.914,0.149,2.35,0.1,15.216,0.059000000000000004,
1963-05-01,11.045,0.102,16.819000000000006,0.252,5.234,0.295,16.05,0.069,
1963-06-01,13.412,0.09699999999999999,19.276,0.124,7.604,0.15,16.675,0.068,
1963-07-01,14.505999999999998,0.098,20.229,0.10400000000000001,8.797,0.243,17.089000000000002,0.077,
1963-08-01,14.309,0.061,20.009,0.218,8.471,0.25,17.061,0.07,
1963-09-01,12.555,0.126,18.306,0.182,6.724,0.34700000000000003,16.48,0.075,
1963-10-01,9.943,0.099,15.716,0.165,4.3260000000000005,0.109,15.587,0.07400000000000001,
1963-11-01,6.561,0.095,12.068,0.205,1.31,0.161,14.58,0.07,
1963-12-01,3.75,0.08199999999999999,9.346,0.094,-1.666,0.071,13.817,0.068,
1964-01-01,2.8810000000000002,0.171,8.383999999999999,0.079,-2.5490000000000004,0.161,13.595,0.076,10947007.092
1964-02-01,3.028,0.11599999999999999,8.791,0.078,-2.613,0.161,13.73,0.064,
1964-03-01,4.865,0.076,10.97,0.12300000000000001,-1.1520000000000001,0.183,14.255999999999998,0.062,
1964-04-01,7.9220000000000015,0.077,13.794,0.125,2.152,0.145,15.062,0.063,
1964-05-01,10.905,0.084,16.801000000000002,0.221,5.202000000000001,0.139,15.856,0.066,
1964-06-01,13.459,0.068,19.275,0.161,7.5360000000000005,0.24,16.590999999999998,0.064,
1964-07-01,14.300999999999998,0.125,20.065,0.196,8.572000000000001,0.15,16.784000000000002,0.073,
1964-08-01,13.678,0.17800000000000002,19.386,0.24100000000000002,8.049999999999999,0.305,16.634,0.078,
1964-09-01,11.604,0.065,17.394000000000002,0.17300000000000001,6.11,0.142,16.002,0.06,
1964-10-01,8.831999999999997,0.063,14.654000000000002,0.191,3.218,0.09699999999999999,15.171,0.061,
1964-11-01,5.9830000000000005,0.040999999999999995,11.609000000000002,0.14,0.483,0.08199999999999999,14.202,0.055999999999999994,
1964-12-01,3.458,0.046,8.759,0.14800000000000002,-1.7830000000000001,0.079,13.522,0.059000000000000004,
1965-01-01,2.862,0.069,8.418,0.107,-2.526,0.133,13.545,0.061,11433441.976
1965-02-01,3.036,0.084,8.907,0.078,-2.822,0.187,13.698,0.061,
1965-03-01,5.182,0.125,11.22,0.146,-0.7350000000000001,0.22399999999999998,14.285,0.068,
1965-04-01,7.9899999999999975,0.078,13.841,0.14,2.168,0.12300000000000001,15.095,0.061,
1965-05-01,11.222,0.174,17.168000000000006,0.32,5.2620000000000005,0.456,16.007,0.079,
1965-06-01,13.308,0.223,19.125999999999998,0.518,7.483,0.336,16.532,0.087,
1965-07-01,14.078,0.139,19.869,0.242,8.376,0.348,16.762,0.076,
1965-08-01,13.807,0.086,19.583,0.09699999999999999,8.184,0.102,16.803,0.065,
1965-09-01,11.73,0.083,17.407,0.168,6.096,0.132,16.154,0.064,
1965-10-01,9.488,0.07,15.11,0.105,3.8,0.09,15.406,0.063,
1965-11-01,5.86,0.076,11.337,0.184,0.354,0.145,14.287,0.06,
1965-12-01,3.766,0.099,9.235,0.109,-1.5430000000000001,0.066,13.775,0.062,
1966-01-01,2.49,0.059000000000000004,8.049,0.069,-3.0410000000000004,0.098,13.495,0.057,12009447.002
1966-02-01,3.29,0.111,9.004999999999997,0.132,-2.4210000000000003,0.151,13.81,0.062,
1966-03-01,5.527,0.125,11.296,0.11900000000000001,-0.42,0.16,14.445,0.066,
1966-04-01,8.161,0.068,13.951,0.10400000000000001,2.331,0.106,15.254,0.059000000000000004,
1966-05-01,11.2,0.064,17.07,0.213,5.189,0.171,15.987,0.061,
1966-06-01,13.587,0.161,19.378,0.251,7.723000000000001,0.175,16.692999999999998,0.076,
1966-07-01,14.569,0.11199999999999999,20.392,0.1,8.823,0.126,17.033,0.07,
1966-08-01,13.731,0.10099999999999999,19.627,0.205,8.087,0.111,16.826,0.068,
1966-09-01,12.133,0.107,18.028,0.085,6.482,0.135,16.273,0.069,
1966-10-01,9.152999999999999,0.073,14.777,0.081,3.555,0.11199999999999999,15.315,0.061,
1966-11-01,5.9689999999999985,0.07400000000000001,11.58,0.084,0.412,0.134,14.362,0.057999999999999996,
1966-12-01,3.3819999999999997,0.052000000000000005,8.758,0.084,-1.927,0.13,13.683,0.057,
1967-01-01,2.71,0.07,8.395,0.062,-2.869,0.14,13.527,0.055,12389685.566
1967-02-01,2.905,0.126,8.619,0.156,-2.772,0.159,13.688,0.064,
1967-03-01,5.396,0.079,11.222,0.107,-0.35600000000000004,0.075,14.465,0.057,
1967-04-01,8.458,0.11,14.376,0.146,2.5,0.228,15.3,0.061,
1967-05-01,11.632,0.077,17.505000000000006,0.172,5.7840000000000025,0.16699999999999998,16.279,0.061,
1967-06-01,13.194,0.071,18.910999999999998,0.145,7.445,0.152,16.665000000000006,0.057,
1967-07-01,14.331,0.16899999999999998,20.142,0.153,8.706,0.142,16.97,0.078,
1967-08-01,13.821,0.107,19.593,0.242,8.171999999999999,0.245,16.84,0.064,
1967-09-01,12.053999999999998,0.057999999999999996,17.852,0.107,6.269,0.166,16.244,0.06,
1967-10-01,9.809,0.045,15.479,0.08,4.178,0.086,15.469000000000001,0.055999999999999994,
1967-11-01,6.176,0.042,11.505,0.085,0.8079999999999999,0.147,14.353,0.048,
1967-12-01,3.915,0.05,9.279,0.055999999999999994,-1.4200000000000002,0.114,13.73,0.05,
1968-01-01,2.353,0.094,7.866999999999999,0.102,-3.0620000000000003,0.075,13.389,0.054000000000000006,13017193.607
1968-02-01,3.245,0.124,8.879999999999997,0.098,-2.319,0.08199999999999999,13.724,0.059000000000000004,
1968-03-01,6.117000000000001,0.069,11.907,0.126,0.2849999999999999,0.068,14.581,0.052000000000000005,
1968-04-01,8.455,0.14300000000000002,14.427,0.115,2.596,0.281,15.261,0.064,
1968-05-01,11.068,0.111,16.76,0.16,5.176,0.201,15.99,0.062,
1968-06-01,13.204,0.187,18.873,0.16,7.318,0.213,16.695999999999998,0.073,
1968-07-01,14.026,0.08900000000000001,19.734,0.13699999999999998,8.431000000000001,0.105,16.887,0.057999999999999996,
1968-08-01,13.524,0.08,19.238,0.079,7.891999999999999,0.14,16.794,0.057,
1968-09-01,11.62,0.19,17.348000000000006,0.223,5.942,0.152,16.155,0.076,
1968-10-01,9.453,0.138,15.086,0.127,3.787,0.263,15.481,0.066,
1968-11-01,5.891,0.062,11.3,0.105,0.35700000000000004,0.135,14.418,0.051,
1968-12-01,3.24,0.053,8.551,0.135,-2.116,0.10300000000000001,13.791,0.05,
1969-01-01,1.966,0.053,7.228999999999999,0.091,-3.298,0.11599999999999999,13.517999999999999,0.048,13797116.836
1969-02-01,2.45,0.092,7.9689999999999985,0.126,-3.1910000000000003,0.151,13.747,0.052000000000000005,
1969-03-01,5.131,0.106,11.017999999999999,0.106,-0.8240000000000001,0.213,14.575999999999999,0.055999999999999994,
1969-04-01,8.575999999999999,0.125,14.286,0.201,2.69,0.237,15.517999999999999,0.062,
1969-05-01,11.354,0.077,17.064,0.157,5.565,0.24100000000000002,16.329,0.053,
1969-06-01,13.475,0.11900000000000001,19.208,0.256,7.568,0.34,16.830000000000002,0.062,
1969-07-01,14.218,0.109,20.024,0.226,8.666,0.163,16.924,0.059000000000000004,
1969-08-01,13.804,0.08,19.628,0.16,8.123999999999999,0.22399999999999998,16.945,0.055999999999999994,
1969-09-01,12.048,0.057,17.67,0.11199999999999999,6.421,0.141,16.337,0.053,
1969-10-01,9.488999999999999,0.065,14.888,0.155,4.05,0.26899999999999996,15.445,0.055999999999999994,
1969-11-01,6.42,0.053,11.974,0.125,0.923,0.141,14.524000000000001,0.051,
1969-12-01,4.21,0.086,9.587,0.10300000000000001,-1.139,0.113,13.993,0.054000000000000006,
1970-01-01,2.8360000000000003,0.084,8.288,0.11699999999999999,-2.584,0.099,13.710999999999999,0.052000000000000005,14788798.314000001
1970-02-01,3.735,0.08199999999999999,9.543,0.10800000000000001,-2.02,0.127,14.022,0.053,
1970-03-01,5.272,0.114,11.065999999999999,0.18,-0.545,0.21100000000000002,14.503,0.057999999999999996,
1970-04-01,8.603,0.066,14.383,0.179,2.739,0.113,15.44,0.051,
1970-05-01,11.206,0.099,17.165000000000006,0.121,5.402,0.107,16.104,0.055,
1970-06-01,13.513,0.086,19.368,0.203,7.599,0.18899999999999997,16.672,0.055999999999999994,
1970-07-01,14.395,0.1,20.254,0.114,8.722999999999999,0.099,16.912,0.057999999999999996,
1970-08-01,13.658,0.062,19.43,0.179,8.097000000000001,0.122,16.748,0.052000000000000005,
1970-09-01,12.277,0.063,17.879,0.08900000000000001,6.62,0.124,16.335,0.055,
1970-10-01,9.347999999999999,0.042,14.96,0.08900000000000001,3.787,0.10300000000000001,15.42,0.051,
1970-11-01,6.0470000000000015,0.059000000000000004,11.562,0.109,0.524,0.08199999999999999,14.418,0.05,
1970-12-01,3.5210000000000004,0.05,8.941,0.094,-1.829,0.084,13.707,0.048,
1971-01-01,2.967,0.10099999999999999,8.530999999999999,0.122,-2.531,0.125,13.615,0.054000000000000006,15323175.556
1971-02-01,2.867,0.17,8.578999999999999,0.145,-2.7230000000000003,0.19899999999999998,13.627,0.067,
1971-03-01,5.001,0.063,10.967,0.154,-0.8960000000000001,0.11,14.254,0.049,
1971-04-01,8.338999999999999,0.067,14.267,0.09,2.516,0.251,15.227,0.049,
1971-05-01,11.210999999999999,0.11199999999999999,17.186,0.12,5.384,0.159,15.963,0.057999999999999996,
1971-06-01,13.099,0.10400000000000001,18.992,0.22699999999999998,7.436,0.126,16.539,0.059000000000000004,
1971-07-01,14.139,0.106,19.984,0.142,8.511000000000001,0.125,16.846,0.061,
1971-08-01,13.879,0.076,19.593,0.122,8.085999999999999,0.08199999999999999,16.752,0.055999999999999994,
1971-09-01,12.139,0.129,17.918000000000006,0.317,6.462999999999999,0.303,16.22,0.062,
1971-10-01,9.388,0.106,15.145999999999999,0.127,3.809,0.16,15.298,0.055999999999999994,
1971-11-01,6.295,0.076,11.842,0.11199999999999999,0.931,0.131,14.399000000000001,0.052000000000000005,
1971-12-01,3.867,0.065,9.228,0.11800000000000001,-1.439,0.126,13.66,0.051,
1972-01-01,1.882,0.086,7.391999999999999,0.14300000000000002,-3.5490000000000004,0.205,13.298,0.053,15957192.522
1972-02-01,2.609,0.105,8.219,0.113,-3.115,0.19899999999999998,13.644,0.054000000000000006,
1972-03-01,5.287000000000001,0.05,11.169,0.087,-0.672,0.152,14.446,0.048,
1972-04-01,8.337,0.067,14.148,0.12300000000000001,2.498,0.11,15.290999999999999,0.051,
1972-05-01,11.155,0.091,16.968,0.125,5.3610000000000015,0.196,16.095,0.057999999999999996,
1972-06-01,13.501,0.113,19.230999999999998,0.156,7.6270000000000024,0.127,16.729000000000006,0.061,
1972-07-01,14.231,0.11800000000000001,20.037,0.12300000000000001,8.568,0.10400000000000001,16.956,0.063,
1972-08-01,14.171,0.096,19.88,0.154,8.386000000000001,0.19,16.977999999999998,0.057,
1972-09-01,11.901,0.126,17.529000000000003,0.2,6.166,0.217,16.27,0.061,
1972-10-01,9.346,0.141,15.057,0.198,3.84,0.23199999999999998,15.438,0.064,
1972-11-01,5.7970000000000015,0.079,11.167,0.094,0.52,0.129,14.419,0.05,
1972-12-01,3.778,0.07200000000000001,9.182,0.18100000000000002,-1.492,0.084,13.951,0.05,
1973-01-01,3.0380000000000003,0.092,8.491999999999999,0.152,-2.3080000000000003,0.10400000000000001,13.774,0.052000000000000005,16822109.477
1973-02-01,3.898,0.161,9.496,0.135,-1.6540000000000004,0.087,14.14,0.064,
1973-03-01,5.82,0.096,11.605,0.212,0.109,0.142,14.663,0.052000000000000005,
1973-04-01,8.937999999999997,0.10300000000000001,14.51,0.10800000000000001,3.107,0.106,15.527999999999999,0.055,
1973-05-01,11.768999999999998,0.08199999999999999,17.417,0.158,5.926,0.16399999999999998,16.288,0.053,
1973-06-01,13.824000000000002,0.085,19.497,0.126,8.155000000000001,0.122,16.795,0.052000000000000005,
1973-07-01,14.435,0.129,20.112000000000002,0.09300000000000001,8.988999999999997,0.11,17.002,0.061,
1973-08-01,13.869000000000002,0.151,19.707,0.149,8.427,0.133,16.889,0.062,
1973-09-01,12.125,0.081,17.815,0.168,6.504,0.102,16.267,0.054000000000000006,
1973-10-01,9.609,0.064,15.182,0.111,3.913,0.095,15.419,0.053,
1973-11-01,6.222,0.083,11.667,0.052000000000000005,0.7879999999999999,0.20199999999999999,14.380999999999998,0.05,
1973-12-01,3.832,0.08199999999999999,9.292,0.111,-1.514,0.073,13.711,0.051,
1974-01-01,2.261,0.096,7.463999999999999,0.109,-2.894,0.096,13.3,0.052000000000000005,16850822.087
1974-02-01,2.582,0.127,8.118,0.09300000000000001,-2.926,0.07400000000000001,13.49,0.057,
1974-03-01,5.19,0.114,10.966,0.134,-0.4950000000000001,0.098,14.267,0.054000000000000006,
1974-04-01,8.386000000000001,0.091,14.179,0.078,2.59,0.11699999999999999,15.182,0.053,
1974-05-01,11.198,0.087,16.932000000000002,0.121,5.4700000000000015,0.09300000000000001,15.957,0.053,
1974-06-01,13.382,0.131,19.235,0.099,7.591,0.085,16.616,0.063,
1974-07-01,14.288,0.059000000000000004,19.925,0.128,8.654,0.109,16.846,0.053,
1974-08-01,14.015999999999998,0.105,19.652,0.158,8.391,0.13,16.912,0.06,
1974-09-01,11.744000000000002,0.135,17.430000000000003,0.18,6.14,0.22,16.197,0.065,
1974-10-01,9.097999999999999,0.059000000000000004,14.884,0.079,3.423,0.11199999999999999,15.274000000000001,0.051,
1974-11-01,5.915,0.12300000000000001,11.459,0.138,0.389,0.163,14.32,0.057,
1974-12-01,3.55,0.127,8.738999999999999,0.155,-1.5219999999999998,0.126,13.656,0.057,
1975-01-01,3.059,0.078,8.484,0.071,-2.257,0.121,13.620999999999999,0.051,16745791.873
1975-02-01,3.395,0.107,9.026,0.133,-2.096,0.095,13.857000000000001,0.053,
1975-03-01,5.706,0.07,11.384,0.10300000000000001,-0.15000000000000002,0.098,14.538,0.048,
1975-04-01,8.584,0.066,14.399,0.066,2.882,0.08800000000000001,15.297,0.049,
1975-05-01,11.742,0.087,17.484,0.198,5.8420000000000005,0.145,16.136,0.054000000000000006,
1975-06-01,13.557,0.109,19.275,0.161,7.796,0.19699999999999998,16.682000000000002,0.057,
1975-07-01,14.351,0.096,20.051,0.18,8.637,0.141,16.877,0.059000000000000004,
1975-08-01,13.514,0.21899999999999997,19.248,0.244,7.891999999999999,0.107,16.665,0.079,
1975-09-01,12.152,0.127,17.804000000000006,0.115,6.54,0.096,16.215999999999998,0.061,
1975-10-01,9.318,0.064,14.908,0.154,3.671,0.215,15.292,0.053,
1975-11-01,5.893,0.055999999999999994,11.462,0.086,0.332,0.127,14.126,0.049,
1975-12-01,3.667,0.086,9.079,0.08800000000000001,-1.636,0.10300000000000001,13.557,0.051,
1976-01-01,2.884,0.068,8.398,0.079,-2.452,0.11,13.442,0.05,17726098.317
1976-02-01,3.031,0.069,8.509,0.10400000000000001,-2.443,0.094,13.619000000000002,0.05,
1976-03-01,4.517,0.06,10.305,0.08199999999999999,-1.2040000000000002,0.08199999999999999,14.124,0.049,
1976-04-01,8.293999999999999,0.086,14.177,0.132,2.489,0.106,15.135,0.053,
1976-05-01,10.941999999999998,0.163,16.727999999999998,0.149,5.176,0.10800000000000001,15.778,0.067,
1976-06-01,13.085999999999999,0.10300000000000001,18.954,0.17300000000000001,7.3450000000000015,0.13,16.448,0.06,
1976-07-01,14.155,0.18,19.852,0.245,8.349,0.221,16.864,0.073,
1976-08-01,13.511,0.17,19.163,0.23399999999999999,7.645999999999999,0.222,16.671,0.07200000000000001,
1976-09-01,11.895,0.053,17.740000000000006,0.079,6.197,0.1,16.185,0.055999999999999994,
1976-10-01,8.511000000000001,0.111,14.028,0.253,3.113,0.22,15.167,0.059000000000000004,
1976-11-01,5.66,0.062,11.155999999999999,0.124,0.302,0.16399999999999998,14.299,0.05,
1976-12-01,3.681,0.08199999999999999,9.086,0.155,-1.7080000000000002,0.16,13.841,0.05,
1977-01-01,2.492,0.087,7.7639999999999985,0.19699999999999998,-2.648,0.16,13.646999999999998,0.05,18279804.316
1977-02-01,3.471,0.12,9.135,0.08800000000000001,-2.152,0.145,14.001,0.055999999999999994,
1977-03-01,5.702000000000001,0.11,11.581,0.12300000000000001,-0.03500000000000003,0.168,14.639,0.055,
1977-04-01,8.85,0.064,14.751,0.092,3.0580000000000003,0.081,15.47,0.049,
1977-05-01,11.78,0.133,17.594,0.163,6.009,0.22699999999999998,16.285999999999998,0.061,
1977-06-01,13.876,0.11,19.628,0.17300000000000001,8.058,0.184,16.846,0.055999999999999994,
1977-07-01,14.630999999999998,0.111,20.327,0.122,8.971,0.20600000000000002,17.047,0.06,
1977-08-01,14.09,0.078,19.673,0.162,8.463999999999999,0.134,16.979,0.053,
1977-09-01,11.861999999999998,0.065,17.535,0.073,6.35,0.111,16.312,0.054000000000000006,
1977-10-01,9.156,0.040999999999999995,14.875,0.106,3.5860000000000003,0.09,15.387,0.049,
1977-11-01,6.5440000000000005,0.062,11.962,0.10099999999999999,1.259,0.07,14.544,0.048,
1977-12-01,3.749,0.035,9.001,0.1,-1.385,0.139,13.741,0.045,
1978-01-01,2.705,0.095,8.006,0.078,-2.52,0.078,13.587,0.054000000000000006,18497906.475
1978-02-01,3.4560000000000004,0.13699999999999998,9.006,0.2,-2.149,0.2,13.904000000000002,0.06,
1978-03-01,5.607,0.09699999999999999,11.344,0.055,-0.07400000000000001,0.174,14.555,0.052000000000000005,
1978-04-01,8.790999999999999,0.08800000000000001,14.628,0.344,3.084,0.41600000000000004,15.372,0.05,
1978-05-01,11.414,0.139,17.131,0.23600000000000002,5.723000000000001,0.314,16.101,0.061,
1978-06-01,13.22,0.106,18.891,0.16399999999999998,7.7150000000000025,0.213,16.601000000000006,0.057,
1978-07-01,14.364,0.158,19.911,0.132,8.894,0.237,16.935,0.067,
1978-08-01,13.297,0.099,18.974,0.155,7.680999999999999,0.17300000000000001,16.623,0.055999999999999994,
1978-09-01,12.03,0.096,17.64,0.16399999999999998,6.431,0.127,16.281,0.057999999999999996,
1978-10-01,9.339,0.08199999999999999,14.964,0.145,3.803,0.15,15.337,0.054000000000000006,
1978-11-01,6.3500000000000005,0.081,11.685,0.11199999999999999,1.08,0.126,14.522,0.05,
1978-12-01,3.74,0.068,9.195,0.085,-1.617,0.09300000000000001,13.793,0.047,
1979-01-01,2.6790000000000003,0.083,8.071,0.125,-2.625,0.1,13.63,0.048,19533547.949
1979-02-01,2.841,0.08900000000000001,8.525,0.076,-2.7590000000000003,0.147,13.768,0.047,
1979-03-01,5.474,0.102,11.331,0.187,-0.129,0.272,14.565,0.051,
1979-04-01,8.455,0.078,14.273,0.258,2.623,0.303,15.390999999999998,0.046,
1979-05-01,11.199000000000002,0.149,17.139000000000006,0.198,5.7120000000000015,0.212,16.076,0.057999999999999996,
1979-06-01,13.487,0.067,19.366,0.213,7.818,0.215,16.772000000000002,0.043,
1979-07-01,14.114,0.054000000000000006,19.945,0.109,8.491,0.11699999999999999,16.992,0.042,
1979-08-01,13.833,0.087,19.623,0.16,8.266,0.18100000000000002,16.977999999999998,0.046,
1979-09-01,12.247,0.091,18.059,0.18,6.714,0.24,16.45,0.048,
1979-10-01,9.586,0.09,15.354,0.11599999999999999,4.0539999999999985,0.125,15.557,0.049,
1979-11-01,6.2860000000000005,0.079,11.807,0.13,0.905,0.051,14.609000000000002,0.047,
1979-12-01,4.6,0.068,10.0,0.115,-0.6690000000000002,0.051,14.182,0.045,
1980-01-01,2.9560000000000004,0.087,8.468,0.08,-2.4570000000000003,0.124,13.812,0.049,19324327.264000002
1980-02-01,3.652,0.099,9.26,0.129,-1.864,0.115,14.112,0.05,
1980-03-01,5.367000000000001,0.10300000000000001,11.239999999999998,0.16,-0.379,0.126,14.645999999999999,0.052000000000000005,
1980-04-01,8.934999999999997,0.106,14.821,0.129,3.109,0.175,15.578,0.052000000000000005,
1980-05-01,11.77,0.08900000000000001,17.713,0.23399999999999999,6.131,0.172,16.314,0.05,
1980-06-01,13.582,0.134,19.375,0.185,7.9010000000000025,0.299,16.805999999999994,0.057999999999999996,
1980-07-01,14.742,0.14400000000000002,20.466,0.179,9.102,0.214,17.171,0.06,
1980-08-01,14.189,0.221,19.814,0.11699999999999999,8.562999999999999,0.08900000000000001,17.049,0.077,
1980-09-01,12.321,0.08,18.121,0.152,6.642,0.146,16.427,0.051,
1980-10-01,9.55,0.064,15.17,0.11800000000000001,4.051,0.11199999999999999,15.45,0.048,
1980-11-01,6.684,0.094,12.196,0.183,1.334,0.14300000000000002,14.645,0.051,
1980-12-01,4.016,0.059000000000000004,9.431,0.165,-1.2770000000000001,0.086,13.892,0.046,
1981-01-01,3.785,0.121,9.267,0.193,-1.2980000000000005,0.153,13.963,0.055,18726246.898
1981-02-01,4.021,0.139,9.689,0.133,-1.41,0.11900000000000001,14.073,0.059000000000000004,
1981-03-01,6.239,0.035,12.05,0.063,0.5539999999999999,0.161,14.769,0.045,
1981-04-01,8.953,0.08,14.817,0.20600000000000002,3.131,0.25,15.432,0.05,
1981-05-01,11.565,0.084,17.471,0.33,5.9010000000000025,0.345,16.198,0.049,
1981-06-01,13.765,0.122,19.611,0.126,8.065,0.14800000000000002,16.932000000000002,0.057999999999999996,
1981-07-01,14.738,0.08199999999999999,20.398,0.122,9.208,0.132,17.217,0.054000000000000006,
1981-08-01,14.502,0.099,20.293,0.092,8.976999999999997,0.081,17.123,0.055,
1981-09-01,12.235999999999999,0.11800000000000001,17.950000000000006,0.098,6.646,0.139,16.465999999999998,0.057999999999999996,
1981-10-01,9.394,0.059000000000000004,14.979,0.096,3.765,0.066,15.453,0.05,
1981-11-01,6.273,0.057999999999999996,11.669,0.114,0.97,0.099,14.47,0.047,
1981-12-01,4.519,0.05,10.068,0.094,-0.878,0.076,14.098,0.048,
1982-01-01,2.5580000000000003,0.08,8.09,0.13,-2.777,0.09699999999999999,13.587,0.053,18562354.0
1982-02-01,3.281,0.077,8.843,0.076,-2.075,0.07,13.852,0.053,
1982-03-01,4.873,0.087,10.667,0.139,-0.722,0.13699999999999998,14.337,0.054000000000000006,
1982-04-01,8.465,0.09300000000000001,14.388,0.223,2.89,0.433,15.33,0.054000000000000006,
1982-05-01,11.347999999999999,0.09,17.149,0.305,5.727,0.28300000000000003,16.144000000000002,0.054000000000000006,
1982-06-01,13.245,0.071,19.083,0.23399999999999999,7.556,0.251,16.625,0.053,
1982-07-01,14.545,0.073,20.311,0.301,9.019,0.397,17.0,0.057999999999999996,
1982-08-01,13.796,0.067,19.534,0.166,8.465,0.217,16.867,0.054000000000000006,
1982-09-01,12.039,0.067,17.75,0.155,6.675,0.213,16.354,0.055,
1982-10-01,9.232,0.066,14.845,0.129,3.917,0.139,15.493,0.054000000000000006,
1982-11-01,5.961,0.111,11.314,0.11699999999999999,0.909,0.184,14.446,0.057,
1982-12-01,4.327,0.11,9.637,0.077,-0.7050000000000001,0.064,14.068,0.057999999999999996,
1983-01-01,3.4450000000000003,0.115,8.747,0.084,-1.65,0.08,13.979,0.057,18484356.91
1983-02-01,3.814,0.17300000000000001,9.427,0.08800000000000001,-1.592,0.085,14.169,0.068,
1983-03-01,5.699,0.09,11.503,0.055,0.09699999999999998,0.091,14.683,0.053,
1983-04-01,8.693,0.05,14.45,0.092,3.053,0.134,15.468,0.048,
1983-05-01,11.729,0.106,17.477,0.136,6.144,0.187,16.34,0.055999999999999994,
1983-06-01,13.478,0.124,19.217,0.147,7.819,0.17,16.785999999999998,0.061,
1983-07-01,14.408,0.07,20.139,0.138,8.829,0.115,17.067999999999998,0.054000000000000006,
1983-08-01,14.302,0.061,20.105,0.177,8.729,0.1,17.145,0.052000000000000005,
1983-09-01,12.698,0.098,18.412000000000006,0.09300000000000001,7.08,0.16,16.573,0.059000000000000004,
1983-10-01,9.478,0.096,15.097,0.08800000000000001,4.011,0.155,15.498,0.057999999999999996,
1983-11-01,6.7650000000000015,0.091,12.334,0.151,1.4209999999999998,0.134,14.648,0.054000000000000006,
1983-12-01,3.8289999999999997,0.054000000000000006,9.25,0.127,-1.3119999999999998,0.08,13.886,0.05,
1984-01-01,2.9410000000000003,0.081,8.338,0.111,-2.2350000000000003,0.085,13.700999999999999,0.052000000000000005,19145865.375
1984-02-01,3.093,0.10099999999999999,8.786,0.136,-2.452,0.16899999999999998,13.878,0.055999999999999994,
1984-03-01,5.671,0.084,11.540999999999999,0.1,-0.07800000000000001,0.06,14.607999999999999,0.055999999999999994,
1984-04-01,8.431999999999999,0.163,14.335,0.23,2.608,0.209,15.37,0.068,
1984-05-01,11.975999999999999,0.061,17.860000000000007,0.115,6.211,0.138,16.294999999999998,0.052000000000000005,
1984-06-01,13.387,0.191,19.05,0.127,7.662000000000001,0.16699999999999998,16.668000000000006,0.073,
1984-07-01,14.429,0.13699999999999998,20.109,0.075,8.958,0.191,16.961000000000002,0.063,
1984-08-01,13.984000000000002,0.085,19.83,0.235,8.33,0.151,16.972,0.054000000000000006,
1984-09-01,12.015,0.07400000000000001,17.718,0.098,6.5,0.096,16.385,0.053,
1984-10-01,9.378,0.08199999999999999,14.890999999999998,0.066,4.015,0.10099999999999999,15.368,0.054000000000000006,
1984-11-01,5.811,0.106,11.243,0.166,0.602,0.08800000000000001,14.32,0.055,
1984-12-01,3.185,0.066,8.411,0.15,-1.88,0.109,13.604000000000001,0.05,
1985-01-01,3.01,0.08199999999999999,8.385,0.122,-2.22,0.063,13.677999999999999,0.052000000000000005,19719241.162
1985-02-01,2.7039999999999997,0.085,8.322000000000001,0.11699999999999999,-2.853,0.08,13.731,0.051,
1985-03-01,5.4510000000000005,0.06,11.194,0.087,-0.133,0.086,14.526,0.05,
1985-04-01,8.633,0.085,14.421,0.085,2.905,0.113,15.356,0.054000000000000006,
1985-05-01,11.425999999999998,0.066,17.203000000000007,0.11699999999999999,5.756,0.11900000000000001,16.136,0.05,
1985-06-01,13.569,0.187,19.396,0.24,7.907999999999999,0.146,16.713,0.07,
1985-07-01,13.973,0.087,19.711,0.113,8.362,0.141,16.906,0.051,
1985-08-01,14.059,0.087,19.757,0.113,8.514999999999999,0.092,17.012999999999998,0.05,
1985-09-01,11.98,0.08,17.634,0.138,6.482,0.135,16.357,0.054000000000000006,
1985-10-01,9.338,0.08900000000000001,14.808,0.048,4.051,0.099,15.476,0.054000000000000006,
1985-11-01,5.968,0.10400000000000001,11.331,0.102,0.703,0.107,14.388,0.055,
1985-12-01,3.785,0.107,9.044,0.154,-1.368,0.084,13.808,0.055999999999999994,
1986-01-01,3.315,0.11699999999999999,8.818,0.071,-2.011,0.076,13.724,0.057,20315356.016
1986-02-01,3.991,0.113,9.699,0.20199999999999999,-1.6370000000000002,0.092,14.084000000000001,0.055999999999999994,
1986-03-01,5.755,0.048,11.629,0.077,0.015000000000000013,0.055,14.607999999999999,0.049,
1986-04-01,8.870999999999997,0.086,14.772,0.20600000000000002,3.105,0.062,15.452,0.054000000000000006,
1986-05-01,11.581,0.066,17.393,0.10800000000000001,5.8889999999999985,0.17800000000000002,16.163,0.049,
1986-06-01,13.439,0.06,19.211,0.191,7.7200000000000015,0.192,16.695999999999998,0.05,
1986-07-01,14.293,0.06,19.987000000000002,0.1,8.738999999999999,0.115,16.991,0.05,
1986-08-01,13.972,0.059000000000000004,19.874,0.099,8.433,0.141,16.938,0.05,
1986-09-01,11.816999999999998,0.14300000000000002,17.713,0.106,6.395,0.27399999999999997,16.285,0.063,
1986-10-01,9.299,0.096,14.802999999999999,0.14800000000000002,3.881,0.157,15.455,0.054000000000000006,
1986-11-01,5.9190000000000005,0.1,11.232,0.063,0.7020000000000001,0.092,14.407,0.055,
1986-12-01,3.751,0.07200000000000001,9.071,0.075,-1.399,0.105,13.805,0.052000000000000005,
1987-01-01,3.139,0.115,8.700999999999999,0.08199999999999999,-2.3440000000000003,0.109,13.758,0.057999999999999996,20817151.963
1987-02-01,4.134,0.091,9.792,0.105,-1.366,0.092,14.161,0.053,
1987-03-01,5.245,0.076,11.203,0.07400000000000001,-0.467,0.084,14.538,0.051,
1987-04-01,8.594999999999999,0.078,14.69,0.083,2.835,0.22,15.447,0.052000000000000005,
1987-05-01,11.525,0.065,17.315,0.13,5.797999999999999,0.136,16.252,0.051,
1987-06-01,13.927,0.068,19.660999999999998,0.146,8.105,0.126,16.900000000000002,0.051,
1987-07-01,14.89,0.14400000000000002,20.667,0.105,9.326,0.196,17.296,0.063,
1987-08-01,13.896,0.127,19.632,0.147,8.319999999999999,0.22699999999999998,17.061,0.06,
1987-09-01,12.447,0.075,18.226000000000006,0.13,6.877999999999999,0.218,16.569000000000006,0.053,
1987-10-01,9.59,0.077,15.136,0.081,4.0939999999999985,0.08900000000000001,15.621,0.051,
1987-11-01,6.056,0.052000000000000005,11.517999999999999,0.161,0.71,0.131,14.561,0.049,
1987-12-01,4.489,0.054000000000000006,9.857,0.085,-0.7120000000000001,0.107,14.13,0.048,
1988-01-01,3.454,0.07,8.863999999999997,0.12,-1.798,0.09,13.978,0.052000000000000005,21565403.313
1988-02-01,3.422,0.095,9.094,0.09300000000000001,-2.031,0.075,14.064,0.052000000000000005,
1988-03-01,5.931,0.085,11.817,0.09300000000000001,0.3659999999999999,0.13699999999999998,14.777999999999999,0.054000000000000006,
1988-04-01,8.991999999999997,0.066,14.978,0.11800000000000001,3.289,0.087,15.593,0.051,
1988-05-01,11.852,0.091,17.676000000000005,0.062,6.1430000000000025,0.2,16.348,0.054000000000000006,
1988-06-01,14.099,0.098,19.974,0.16,8.356,0.085,16.976000000000006,0.057,
1988-07-01,14.798,0.068,20.466,0.168,9.186,0.125,17.179000000000002,0.051,
1988-08-01,14.553,0.122,20.124,0.255,8.905,0.157,17.173000000000002,0.059000000000000004,
1988-09-01,12.681,0.07200000000000001,18.424000000000003,0.141,7.08,0.079,16.553,0.053,
1988-10-01,9.979,0.062,15.719,0.19399999999999998,4.363,0.151,15.639000000000001,0.052000000000000005,
1988-11-01,6.295,0.07400000000000001,11.837,0.081,0.841,0.07400000000000001,14.465,0.052000000000000005,
1988-12-01,4.363,0.057999999999999996,9.707,0.11900000000000001,-0.8520000000000001,0.078,13.923,0.052000000000000005,
1989-01-01,2.71,0.10800000000000001,8.094999999999999,0.11800000000000001,-2.5980000000000003,0.11800000000000001,13.565999999999999,0.057999999999999996,22029385.156
1989-02-01,3.627,0.095,9.3,0.067,-1.9240000000000002,0.08800000000000001,13.978000000000002,0.055,
1989-03-01,5.792000000000002,0.099,11.628,0.07,0.1309999999999999,0.17,14.607,0.057,
1989-04-01,8.689,0.10400000000000001,14.541,0.08900000000000001,2.737,0.147,15.422,0.057,
1989-05-01,11.28,0.094,17.105,0.20800000000000002,5.4940000000000015,0.13,16.121,0.055999999999999994,
1989-06-01,13.447,0.126,19.25,0.183,7.871,0.13,16.725,0.063,
1989-07-01,14.612,0.084,20.361,0.079,8.988999999999997,0.102,17.150000000000002,0.057999999999999996,
1989-08-01,14.135,0.064,19.987,0.152,8.594999999999999,0.145,17.051000000000002,0.052000000000000005,
1989-09-01,12.402999999999999,0.10099999999999999,18.198,0.105,6.675,0.15,16.5,0.059000000000000004,
1989-10-01,9.76,0.061,15.472999999999999,0.13,4.1,0.212,15.597000000000001,0.051,
1989-11-01,6.1789999999999985,0.06,11.718,0.086,0.7490000000000001,0.062,14.524000000000001,0.052000000000000005,
1989-12-01,4.43,0.06,9.802,0.055,-0.8070000000000002,0.096,14.058,0.053,
1990-01-01,3.2430000000000003,0.09,8.556999999999999,0.099,-1.9390000000000005,0.075,13.890999999999998,0.057,22149402.399
1990-02-01,3.643,0.087,9.225,0.111,-1.7950000000000002,0.07,14.143,0.055999999999999994,
1990-03-01,6.73,0.099,12.658,0.179,1.0359999999999998,0.094,15.005,0.057999999999999996,
1990-04-01,9.169,0.059000000000000004,15.058,0.084,3.373,0.125,15.683,0.052000000000000005,
1990-05-01,11.831,0.071,17.642000000000003,0.23399999999999999,6.086,0.237,16.397000000000002,0.054000000000000006,
1990-06-01,13.892999999999999,0.087,19.785999999999998,0.16399999999999998,8.167,0.129,16.995,0.054000000000000006,
1990-07-01,14.784,0.14,20.401,0.105,9.158,0.085,17.246000000000002,0.065,
1990-08-01,14.095,0.05,19.956,0.221,8.514,0.162,17.11,0.054000000000000006,
1990-09-01,12.195,0.106,17.993000000000006,0.08900000000000001,6.597,0.209,16.465,0.063,
1990-10-01,9.882,0.036000000000000004,15.72,0.125,4.285,0.125,15.747,0.053,
1990-11-01,6.92,0.132,12.561,0.09,1.345,0.07200000000000001,14.77,0.065,
1990-12-01,4.425,0.079,9.935,0.057,-0.9220000000000002,0.054000000000000006,14.1,0.055999999999999994,
1991-01-01,3.1950000000000003,0.066,8.506,0.044000000000000004,-1.9070000000000005,0.114,13.859000000000002,0.055999999999999994,22403928.869000003
1991-02-01,4.0440000000000005,0.087,9.774,0.07400000000000001,-1.499,0.098,14.201,0.057,
1991-03-01,5.574,0.076,11.411,0.106,-0.129,0.13,14.689,0.055999999999999994,
1991-04-01,9.226,0.04,15.123,0.09,3.414,0.159,15.716,0.055,
1991-05-01,11.616,0.062,17.441000000000006,0.105,6.009,0.114,16.37,0.054000000000000006,
1991-06-01,14.263,0.07400000000000001,19.903,0.124,8.509,0.07200000000000001,17.052,0.057,
1991-07-01,14.987,0.055,20.643,0.106,9.273,0.142,17.348,0.053,
1991-08-01,14.319,0.057,20.035999999999998,0.086,8.61,0.111,17.163,0.055,
1991-09-01,12.677,0.053,18.539,0.235,7.004,0.084,16.572,0.055999999999999994,
1991-10-01,9.753,0.064,15.552999999999999,0.066,4.122,0.095,15.619000000000002,0.055,
1991-11-01,6.44,0.07,11.862,0.10099999999999999,1.121,0.08800000000000001,14.607,0.055,
1991-12-01,4.059,0.040999999999999995,9.284,0.078,-1.061,0.061,13.98,0.052000000000000005,
1992-01-01,3.579,0.084,8.914,0.1,-1.6550000000000002,0.09300000000000001,13.960999999999999,0.057999999999999996,22183417.491
1992-02-01,3.931,0.14800000000000002,9.491,0.11599999999999999,-1.5950000000000002,0.087,14.181,0.067,
1992-03-01,5.952000000000001,0.069,11.692,0.064,0.2529999999999999,0.086,14.770999999999999,0.055999999999999994,
1992-04-01,8.572000000000001,0.061,14.366,0.075,2.785,0.1,15.51,0.055,
1992-05-01,11.534999999999998,0.073,17.346,0.095,5.796,0.184,16.319000000000006,0.059000000000000004,
1992-06-01,13.575999999999999,0.066,19.36,0.094,7.818,0.075,16.886000000000006,0.057999999999999996,
1992-07-01,14.139,0.081,19.853,0.083,8.421,0.08199999999999999,17.000999999999998,0.057,
1992-08-01,13.765999999999998,0.084,19.435,0.162,8.130999999999998,0.13,16.900000000000002,0.057,
1992-09-01,11.672,0.049,17.289,0.122,6.1320000000000014,0.14,16.243,0.053,
1992-10-01,9.353,0.047,15.152,0.057999999999999996,3.676,0.061,15.419,0.054000000000000006,
1992-11-01,5.8889999999999985,0.083,11.302999999999999,0.062,0.46299999999999997,0.066,14.343,0.055999999999999994,
1992-12-01,4.075,0.155,9.455,0.157,-1.0630000000000002,0.126,13.902000000000001,0.068,
1993-01-01,3.301,0.096,8.666,0.065,-1.9190000000000005,0.076,13.895999999999999,0.062,22162174.56
1993-02-01,3.745,0.09699999999999999,9.42,0.081,-1.7440000000000002,0.054000000000000006,14.085,0.06,
1993-03-01,5.922999999999999,0.094,11.790999999999999,0.085,0.1409999999999999,0.07400000000000001,14.725,0.061,
1993-04-01,8.69,0.046,14.585,0.11599999999999999,2.823,0.13699999999999998,15.482,0.055,
1993-05-01,11.475,0.055999999999999994,17.289,0.084,5.674,0.124,16.230999999999998,0.055999999999999994,
1993-06-01,13.517999999999999,0.075,19.292,0.094,7.767,0.146,16.859,0.057999999999999996,
1993-07-01,14.595,0.11,20.228,0.062,8.947000000000003,0.174,17.155,0.062,
1993-08-01,13.835,0.065,19.584,0.066,8.228,0.10800000000000001,16.926000000000002,0.057999999999999996,
1993-09-01,11.93,0.102,17.639000000000006,0.06,6.287000000000001,0.121,16.381,0.062,
1993-10-01,9.613999999999999,0.064,15.294,0.061,3.987,0.047,15.543,0.057999999999999996,
1993-11-01,5.738,0.09,11.091,0.098,0.3629999999999999,0.07,14.41,0.059000000000000004,
1993-12-01,4.035,0.081,9.358,0.07,-1.139,0.145,13.904000000000002,0.059000000000000004,
1994-01-01,3.024,0.063,8.336,0.107,-2.274,0.099,13.731,0.057,22551690.634
1994-02-01,2.81,0.105,8.594,0.09300000000000001,-2.7680000000000002,0.094,13.773,0.062,
1994-03-01,5.731,0.071,11.662999999999998,0.083,-0.13100000000000006,0.11900000000000001,14.713,0.057999999999999996,
1994-04-01,9.017999999999999,0.044000000000000004,14.961,0.16,3.162,0.191,15.584,0.057,
1994-05-01,11.684,0.08,17.582,0.106,5.682,0.092,16.348,0.06,
1994-06-01,14.144,0.087,19.932,0.099,8.288,0.109,17.021,0.061,
1994-07-01,14.658,0.076,20.421,0.111,8.947000000000003,0.145,17.183,0.059000000000000004,
1994-08-01,13.977,0.051,19.808,0.087,8.274,0.17300000000000001,17.035999999999998,0.055,
1994-09-01,12.515999999999998,0.068,18.335,0.12300000000000001,6.8210000000000015,0.159,16.498,0.057999999999999996,
1994-10-01,10.002,0.077,15.606,0.09300000000000001,4.543,0.166,15.743,0.06,
1994-11-01,6.7879999999999985,0.064,12.2,0.091,1.311,0.11,14.754,0.055999999999999994,
1994-12-01,4.113,0.065,9.313,0.158,-1.102,0.064,14.036,0.06,
1995-01-01,3.54,0.057,8.895,0.151,-1.7690000000000001,0.17300000000000001,13.945,0.06,23037524.13
1995-02-01,4.6560000000000015,0.083,10.257,0.145,-0.8790000000000002,0.127,14.388,0.062,
1995-03-01,5.956,0.077,11.784,0.165,0.265,0.10800000000000001,14.783,0.061,
1995-04-01,8.972000000000003,0.078,14.839,0.122,3.162,0.17,15.587,0.061,
1995-05-01,11.57,0.063,17.301000000000002,0.121,5.758000000000001,0.222,16.279,0.057,
1995-06-01,14.164,0.08800000000000001,20.115,0.18600000000000005,8.232000000000001,0.053,17.008000000000006,0.061,
1995-07-01,15.116,0.079,20.803,0.185,9.331,0.168,17.375,0.061,
1995-08-01,14.636,0.08800000000000001,20.409,0.083,8.808,0.231,17.297,0.061,
1995-09-01,12.565,0.087,18.382,0.068,6.921,0.182,16.580000000000002,0.06,
1995-10-01,10.106,0.086,15.749,0.13,4.49,0.14400000000000002,15.748,0.062,
1995-11-01,6.761,0.087,12.387,0.10400000000000001,1.266,0.205,14.713,0.06,
1995-12-01,4.123,0.044000000000000004,9.396,0.131,-1.143,0.113,13.951,0.059000000000000004,
1996-01-01,2.862,0.08800000000000001,8.350999999999999,0.107,-2.512,0.10800000000000001,13.720999999999998,0.059000000000000004,23571556.674000002
1996-02-01,4.0120000000000005,0.11800000000000001,9.769,0.095,-1.7620000000000002,0.08,14.207,0.064,
1996-03-01,5.524,0.085,11.411,0.157,-0.28500000000000003,0.145,14.658,0.059000000000000004,
1996-04-01,8.679,0.073,14.470999999999998,0.099,2.717,0.13,15.540999999999999,0.057,
1996-05-01,11.588,0.106,17.437,0.102,5.7920000000000025,0.12300000000000001,16.272000000000002,0.063,
1996-06-01,13.681,0.091,19.405,0.14300000000000002,7.854,0.106,16.847,0.057999999999999996,
1996-07-01,14.827,0.09699999999999999,20.65,0.087,9.123,0.129,17.22,0.061,
1996-08-01,14.603,0.073,20.416,0.13,8.918,0.126,17.21,0.059000000000000004,
1996-09-01,12.294,0.053,17.974,0.11599999999999999,6.711,0.17,16.444000000000006,0.055999999999999994,
1996-10-01,9.525,0.09699999999999999,15.190999999999999,0.155,3.929,0.08900000000000001,15.515999999999998,0.061,
1996-11-01,6.5470000000000015,0.078,11.952,0.11199999999999999,1.178,0.083,14.607,0.059000000000000004,
1996-12-01,4.325,0.057999999999999996,9.82,0.11199999999999999,-1.089,0.06,14.053,0.057999999999999996,
1997-01-01,3.165,0.083,8.588,0.099,-2.1340000000000003,0.078,13.818,0.057999999999999996,23975007.348
1997-02-01,3.766,0.09300000000000001,9.456,0.067,-1.885,0.086,14.178,0.059000000000000004,
1997-03-01,6.0120000000000005,0.139,11.808,0.188,0.18999999999999995,0.095,14.873,0.068,
1997-04-01,8.891,0.054000000000000006,14.817,0.114,2.967,0.115,15.634,0.055,
1997-05-01,11.593,0.07200000000000001,17.378,0.109,5.8020000000000005,0.149,16.387999999999998,0.055999999999999994,
1997-06-01,14.130999999999998,0.066,19.913,0.096,8.334,0.135,17.158,0.055999999999999994,
1997-07-01,14.565,0.132,20.26,0.094,8.825,0.08900000000000001,17.307000000000002,0.065,
1997-08-01,14.255999999999998,0.091,20.13,0.10400000000000001,8.578999999999999,0.122,17.266000000000002,0.059000000000000004,
1997-09-01,12.685,0.105,18.555000000000003,0.313,6.973,0.162,16.766000000000002,0.061,
1997-10-01,10.109,0.07,15.682,0.10800000000000001,4.665,0.145,15.935,0.055999999999999994,
1997-11-01,6.841,0.096,12.195,0.092,1.503,0.086,14.952,0.06,
1997-12-01,4.417,0.062,9.634,0.064,-0.7370000000000001,0.076,14.291,0.057,
1998-01-01,3.3520000000000003,0.076,8.555,0.09300000000000001,-1.7760000000000002,0.086,14.062999999999999,0.063,24114192.0
1998-02-01,4.8260000000000005,0.106,10.475,0.11,-0.7680000000000002,0.077,14.611,0.066,
1998-03-01,6.023,0.08199999999999999,11.888,0.073,0.30099999999999993,0.102,14.958,0.065,
1998-04-01,9.357999999999999,0.05,15.255,0.08800000000000001,3.439,0.19399999999999998,15.884,0.062,
1998-05-01,12.290999999999999,0.083,18.182000000000002,0.16399999999999998,6.372000000000001,0.105,16.671,0.062,
1998-06-01,14.520999999999999,0.114,20.404,0.13,8.777999999999999,0.07200000000000001,17.289,0.066,
1998-07-01,15.34,0.07400000000000001,20.972,0.062,9.715,0.17,17.609,0.062,
1998-08-01,14.874,0.07400000000000001,20.505,0.128,9.344,0.217,17.491,0.062,
1998-09-01,12.672999999999998,0.047,18.336,0.12300000000000001,7.152,0.177,16.657,0.061,
1998-10-01,9.941,0.055,15.505999999999998,0.11699999999999999,4.45,0.11599999999999999,15.768,0.064,
1998-11-01,6.404,0.081,11.872,0.09,1.039,0.08199999999999999,14.697000000000001,0.062,
1998-12-01,4.6690000000000005,0.045,10.083,0.079,-0.6559999999999999,0.10099999999999999,14.214,0.061,
1999-01-01,3.544,0.07,8.876999999999997,0.065,-1.7320000000000002,0.11,13.933,0.063,24059187.0
1999-02-01,4.694,0.08900000000000001,10.4,0.063,-0.9570000000000001,0.099,14.367,0.065,
1999-03-01,5.53,0.102,11.4,0.106,-0.274,0.086,14.675999999999998,0.069,
1999-04-01,8.838,0.064,14.807,0.085,2.931,0.175,15.572,0.064,
1999-05-01,11.706,0.045,17.613,0.11599999999999999,5.8240000000000025,0.155,16.298,0.061,
1999-06-01,14.030999999999999,0.07200000000000001,19.831,0.121,8.205,0.131,16.957,0.062,
1999-07-01,14.853,0.10099999999999999,20.578000000000007,0.087,9.24,0.12,17.218,0.064,
1999-08-01,14.348,0.08900000000000001,20.158,0.076,8.696,0.125,17.1,0.063,
1999-09-01,12.722999999999999,0.055999999999999994,18.472,0.165,7.109,0.134,16.605,0.059000000000000004,
1999-10-01,9.997,0.095,15.583,0.107,4.4910000000000005,0.064,15.675,0.063,
1999-11-01,6.5920000000000005,0.083,12.121,0.08,1.107,0.085,14.673,0.063,
1999-12-01,4.565,0.085,9.953,0.09,-0.6920000000000001,0.078,14.13,0.064,
2000-01-01,2.95,0.091,8.349,0.10300000000000001,-2.322,0.07200000000000001,13.773,0.064,24689911.0
2000-02-01,4.184,0.09300000000000001,9.863,0.096,-1.371,0.092,14.265999999999998,0.065,
2000-03-01,6.2189999999999985,0.12,12.204999999999998,0.133,0.3759999999999999,0.08199999999999999,14.845999999999998,0.069,
2000-04-01,9.552,0.075,15.534,0.156,3.68,0.153,15.762,0.062,
2000-05-01,11.874,0.064,17.721,0.127,5.997000000000001,0.2,16.395,0.061,
2000-06-01,14.06,0.1,19.847,0.20600000000000002,8.243,0.161,17.0,0.067,
2000-07-01,14.848,0.12,20.665,0.107,9.097999999999999,0.098,17.242,0.066,
2000-08-01,14.519,0.086,20.308,0.095,8.796,0.152,17.243000000000002,0.063,
2000-09-01,12.547,0.057999999999999996,18.373,0.115,6.822,0.142,16.613,0.061,
2000-10-01,9.486,0.047,15.069,0.134,4.0,0.09699999999999999,15.588,0.06,
2000-11-01,6.312,0.084,11.67,0.092,0.996,0.064,14.632,0.062,
2000-12-01,3.863,0.064,9.182,0.10800000000000001,-1.3330000000000002,0.07200000000000001,13.968,0.062,
2001-01-01,3.3360000000000003,0.077,8.827,0.08800000000000001,-2.0780000000000003,0.06,13.936,0.063,25276631.0
2001-02-01,3.72,0.109,9.486,0.059000000000000004,-1.997,0.091,14.179,0.067,
2001-03-01,6.207999999999998,0.057999999999999996,12.130999999999998,0.094,0.4109999999999999,0.11699999999999999,14.982,0.062,
2001-04-01,9.245,0.098,15.174,0.11800000000000001,3.234,0.155,15.808,0.066,
2001-05-01,12.270999999999999,0.105,18.185,0.13,6.3500000000000005,0.107,16.569000000000006,0.066,
2001-06-01,14.11,0.085,19.962,0.133,8.218,0.134,17.151,0.063,
2001-07-01,15.161,0.10099999999999999,20.923000000000002,0.10400000000000001,9.427999999999999,0.149,17.45,0.065,
2001-08-01,14.427,0.115,20.332,0.10300000000000001,8.664,0.17800000000000002,17.294,0.068,
2001-09-01,12.735999999999999,0.087,18.581000000000003,0.114,7.07,0.17,16.758,0.065,
2001-10-01,9.935,0.073,15.578,0.10099999999999999,4.353,0.109,15.831,0.064,
2001-11-01,7.319,0.086,12.89,0.09300000000000001,1.92,0.08199999999999999,15.011,0.064,
2001-12-01,4.507,0.055,9.841,0.10800000000000001,-0.685,0.08900000000000001,14.241,0.062,
2002-01-01,4.026,0.065,9.459,0.12300000000000001,-1.3219999999999998,0.08900000000000001,14.258,0.062,25646998.0
2002-02-01,4.704,0.078,10.435,0.10400000000000001,-0.9480000000000002,0.057999999999999996,14.505,0.065,
2002-03-01,6.772,0.034,12.775,0.083,0.8940000000000001,0.113,15.198,0.064,
2002-04-01,9.229,0.049,15.146,0.099,3.3080000000000003,0.152,15.818,0.062,
2002-05-01,12.248,0.081,18.157,0.17,6.1990000000000025,0.19699999999999998,16.605,0.062,
2002-06-01,14.084,0.052000000000000005,19.912,0.14300000000000002,8.184000000000001,0.151,17.110000000000007,0.06,
2002-07-01,15.354000000000001,0.077,21.199,0.075,9.409,0.096,17.487000000000002,0.062,
2002-08-01,14.56,0.067,20.444000000000006,0.136,8.806999999999997,0.136,17.328,0.061,
2002-09-01,12.95,0.10300000000000001,18.785,0.129,7.16,0.083,16.799,0.065,
2002-10-01,9.988,0.079,15.599,0.166,4.484,0.15,15.859000000000002,0.062,
2002-11-01,6.892,0.12,12.48,0.142,1.389,0.136,14.856,0.067,
2002-12-01,4.038,0.064,9.357,0.11900000000000001,-1.189,0.045,14.127,0.063,
2003-01-01,3.981,0.07,9.558,0.11900000000000001,-1.481,0.091,14.207,0.064,27047792.0
2003-02-01,4.085,0.09699999999999999,9.749,0.08800000000000001,-1.4800000000000002,0.111,14.359000000000002,0.065,
2003-03-01,6.047999999999999,0.055,11.972,0.077,0.215,0.127,14.972999999999999,0.062,
2003-04-01,9.154,0.07400000000000001,15.033,0.105,3.209,0.122,15.774,0.063,
2003-05-01,12.152999999999999,0.095,18.118,0.136,6.207999999999998,0.162,16.567,0.063,
2003-06-01,14.017,0.135,19.77,0.12,8.222000000000001,0.146,17.104000000000006,0.068,
2003-07-01,14.983,0.184,20.757,0.11699999999999999,9.222999999999999,0.154,17.423000000000002,0.078,
2003-08-01,14.690999999999999,0.08900000000000001,20.48,0.084,8.974,0.11900000000000001,17.402,0.063,
2003-09-01,12.911,0.067,18.692,0.18100000000000002,7.221,0.18,16.839000000000002,0.06,
2003-10-01,10.424,0.085,16.115,0.11599999999999999,4.74,0.094,15.997,0.063,
2003-11-01,6.727,0.075,12.203,0.134,1.347,0.11699999999999999,14.838,0.061,
2003-12-01,5.132999999999999,0.062,10.545,0.08800000000000001,-0.17900000000000005,0.091,14.436,0.062,
2004-01-01,3.5250000000000004,0.062,8.901,0.109,-1.65,0.09699999999999999,14.097,0.059000000000000004,28393581.0
2004-02-01,4.4990000000000006,0.10400000000000001,10.171,0.085,-1.1820000000000002,0.075,14.488,0.065,
2004-03-01,6.3210000000000015,0.069,12.275,0.08199999999999999,0.3759999999999999,0.09300000000000001,14.992,0.061,
2004-04-01,9.249,0.057,15.132,0.111,3.285,0.133,15.811,0.061,
2004-05-01,11.571,0.07,17.296000000000006,0.075,5.7070000000000025,0.14400000000000002,16.383,0.057999999999999996,
2004-06-01,13.889,0.09699999999999999,19.66,0.128,8.035,0.155,17.006,0.063,
2004-07-01,14.312,0.115,20.087,0.115,8.624,0.133,17.227,0.065,
2004-08-01,14.188,0.10400000000000001,20.011,0.09,8.382,0.083,17.266000000000002,0.063,
2004-09-01,12.642,0.084,18.451,0.122,6.907,0.10800000000000001,16.745,0.059000000000000004,
2004-10-01,10.127,0.091,15.843,0.11699999999999999,4.511,0.092,15.889000000000001,0.061,
2004-11-01,7.315,0.092,12.796,0.126,1.91,0.08199999999999999,15.022,0.06,
2004-12-01,4.257,0.055999999999999994,9.593,0.149,-0.9320000000000002,0.076,14.161,0.06,
2005-01-01,3.808,0.064,9.026,0.135,-1.3769999999999998,0.066,14.159,0.059000000000000004,29490014.0
2005-02-01,3.92,0.115,9.508,0.09300000000000001,-1.5340000000000005,0.051,14.293,0.067,
2005-03-01,6.5440000000000005,0.06,12.315999999999999,0.098,0.8130000000000002,0.07400000000000001,15.106,0.064,
2005-04-01,9.618,0.052000000000000005,15.550999999999998,0.133,3.697,0.16399999999999998,15.978,0.061,
2005-05-01,12.225999999999999,0.09,17.995,0.132,6.392,0.166,16.629,0.061,
2005-06-01,14.475999999999999,0.083,20.104,0.142,8.863,0.14,17.248,0.062,
2005-07-01,15.19,0.094,20.88,0.091,9.568999999999999,0.156,17.503,0.063,
2005-08-01,14.51,0.078,20.25,0.091,8.934,0.153,17.375,0.059000000000000004,
2005-09-01,13.217,0.08,19.110000000000007,0.109,7.412000000000001,0.14800000000000002,16.903,0.059000000000000004,
2005-10-01,10.600999999999999,0.064,16.235,0.10099999999999999,5.004,0.08900000000000001,16.025000000000002,0.059000000000000004,
2005-11-01,7.422999999999999,0.068,12.944,0.111,1.988,0.073,15.005,0.057999999999999996,
2005-12-01,4.878,0.054000000000000006,10.279000000000002,0.121,-0.395,0.065,14.327,0.057999999999999996,
2006-01-01,3.286,0.064,8.616999999999999,0.106,-1.942,0.113,13.99,0.059000000000000004,30568112.0
2006-02-01,4.43,0.11800000000000001,10.124,0.185,-1.2290000000000003,0.09,14.435,0.066,
2006-03-01,6.3290000000000015,0.077,12.239,0.098,0.56,0.09699999999999999,14.966,0.062,
2006-04-01,9.055,0.08900000000000001,15.004,0.191,3.0810000000000004,0.166,15.729,0.061,
2006-05-01,11.786,0.092,17.650000000000006,0.25,5.791,0.20600000000000002,16.463,0.06,
2006-06-01,14.443,0.09300000000000001,20.317,0.156,8.530000000000001,0.131,17.215999999999998,0.06,
2006-07-01,15.042,0.11599999999999999,20.905,0.218,9.288,0.132,17.419,0.063,
2006-08-01,14.913,0.107,20.79,0.122,9.146999999999998,0.182,17.479,0.061,
2006-09-01,12.875,0.10400000000000001,18.779000000000003,0.10400000000000001,7.081,0.16699999999999998,16.792,0.062,
2006-10-01,10.289,0.077,15.925,0.091,4.795999999999999,0.129,15.935,0.06,
2006-11-01,6.955,0.078,12.448,0.12300000000000001,1.5179999999999998,0.163,14.931,0.057999999999999996,
2006-12-01,4.987,0.065,10.345999999999998,0.151,-0.2430000000000001,0.084,14.407,0.06,
2007-01-01,4.5790000000000015,0.059000000000000004,10.084,0.147,-0.8180000000000003,0.073,14.417,0.057,31180501.0
2007-02-01,4.221,0.077,10.039,0.077,-1.5030000000000001,0.07400000000000001,14.408,0.059000000000000004,
2007-03-01,6.485,0.113,12.482999999999999,0.096,0.5169999999999999,0.142,15.017,0.065,
2007-04-01,9.823,0.109,15.807,0.183,3.88,0.21100000000000002,15.93,0.062,
2007-05-01,12.517999999999999,0.07,18.395000000000003,0.165,6.5680000000000005,0.157,16.629,0.055,
2007-06-01,14.309,0.07200000000000001,20.223,0.105,8.370000000000001,0.13,17.168000000000006,0.055999999999999994,
2007-07-01,15.23,0.115,21.108,0.11599999999999999,9.482,0.166,17.485,0.061,
2007-08-01,14.752,0.113,20.641,0.146,9.032,0.192,17.339000000000002,0.061,
2007-09-01,12.93,0.102,18.838,0.152,7.18,0.162,16.737000000000002,0.059000000000000004,
2007-10-01,10.332,0.1,16.134,0.13,4.609,0.12,15.867,0.06,
2007-11-01,7.0840000000000005,0.085,12.772,0.132,1.4780000000000002,0.105,14.821,0.057,
2007-12-01,4.523,0.059000000000000004,9.873,0.09699999999999999,-0.6840000000000002,0.114,14.11,0.057,
2008-01-01,2.8440000000000003,0.059000000000000004,8.155,0.16,-2.383,0.109,13.719,0.057,32181592.0
2008-02-01,3.576,0.068,9.351,0.078,-2.1060000000000003,0.1,14.061,0.059000000000000004,
2008-03-01,6.9060000000000015,0.099,12.992,0.106,0.879,0.11199999999999999,15.077,0.063,
2008-04-01,9.295,0.083,15.42,0.121,3.175,0.127,15.735,0.057999999999999996,
2008-05-01,12.053999999999998,0.071,17.989,0.084,6.053000000000001,0.155,16.497,0.055,
2008-06-01,14.145,0.09699999999999999,19.973,0.091,8.266,0.14400000000000002,17.077,0.057999999999999996,
2008-07-01,15.174,0.07200000000000001,21.006,0.138,9.407,0.16,17.449,0.054000000000000006,
2008-08-01,14.377,0.113,20.176,0.073,8.594,0.141,17.282,0.06,
2008-09-01,12.802,0.087,18.629,0.087,7.1160000000000005,0.154,16.757,0.057,
2008-10-01,10.399,0.078,16.038,0.091,4.8469999999999995,0.125,15.931,0.055999999999999994,
2008-11-01,7.224,0.064,12.738,0.107,1.7959999999999998,0.10300000000000001,14.919,0.054000000000000006,
2008-12-01,4.385,0.055999999999999994,9.834,0.106,-0.946,0.128,14.151,0.055999999999999994,
2009-01-01,3.687,0.078,9.175999999999998,0.10300000000000001,-1.7560000000000002,0.107,14.091,0.057999999999999996,31891899.0
2009-02-01,4.0939999999999985,0.083,9.822,0.06,-1.5450000000000002,0.077,14.267000000000001,0.06,
2009-03-01,6.086,0.057999999999999996,12.065,0.09300000000000001,0.132,0.11199999999999999,14.873,0.06,
2009-04-01,9.367,0.084,15.377,0.098,3.32,0.19399999999999998,15.819,0.059000000000000004,
2009-05-01,12.111999999999998,0.10400000000000001,18.01,0.177,6.141,0.16699999999999998,16.570999999999998,0.06,
2009-06-01,14.200999999999999,0.07400000000000001,20.055999999999997,0.172,8.3,0.122,17.26,0.057,
2009-07-01,15.231,0.14800000000000002,21.085,0.1,9.456,0.13,17.578,0.067,
2009-08-01,14.655,0.109,20.576999999999998,0.10300000000000001,8.854999999999997,0.13699999999999998,17.427,0.06,
2009-09-01,13.152999999999999,0.05,19.006,0.094,7.397,0.133,16.864,0.053,
2009-10-01,10.136,0.075,15.79,0.087,4.563,0.10400000000000001,15.91,0.055999999999999994,
2009-11-01,7.0310000000000015,0.087,12.574000000000002,0.085,1.64,0.128,14.968,0.057,
2009-12-01,4.31,0.081,9.661,0.121,-0.94,0.10099999999999999,14.298,0.06,
2010-01-01,3.737,0.079,9.245,0.087,-1.6770000000000005,0.08199999999999999,14.207999999999998,0.06,33472376.0
2010-02-01,4.399,0.08,10.033999999999999,0.083,-1.107,0.079,14.517000000000001,0.061,
2010-03-01,6.738,0.057,12.669,0.07400000000000001,0.7959999999999998,0.11900000000000001,15.222999999999999,0.059000000000000004,
2010-04-01,9.671,0.087,15.616,0.153,3.759,0.159,16.038999999999998,0.06,
2010-05-01,12.405999999999999,0.078,18.173,0.14300000000000002,6.524000000000001,0.132,16.732,0.057,
2010-06-01,14.421,0.086,20.252,0.11800000000000001,8.488999999999999,0.128,17.271,0.057,
2010-07-01,15.213,0.09,20.97,0.08,9.551,0.141,17.532,0.057,
2010-08-01,14.768,0.11199999999999999,20.656,0.062,8.984,0.124,17.412,0.061,
2010-09-01,12.863,0.065,18.603,0.092,7.252000000000002,0.11699999999999999,16.761,0.054000000000000006,
2010-10-01,10.442,0.07,16.115,0.083,4.905,0.12,15.939,0.057,
2010-11-01,7.487,0.102,13.168,0.128,1.95,0.09699999999999999,14.995,0.06,
2010-12-01,4.292,0.095,9.887,0.138,-1.139,0.09,14.117,0.06,
2011-01-01,3.282,0.08199999999999999,8.722000000000001,0.096,-2.0340000000000003,0.133,13.927999999999999,0.059000000000000004,34847501.0
2011-02-01,3.743,0.067,9.435,0.077,-1.906,0.10400000000000001,14.193,0.059000000000000004,
2011-03-01,6.101,0.064,11.963,0.098,0.3140000000000001,0.14400000000000002,14.88,0.06,
2011-04-01,9.482999999999999,0.046,15.45,0.152,3.524,0.159,15.832,0.055999999999999994,
2011-05-01,11.985999999999999,0.055999999999999994,17.917,0.105,6.0230000000000015,0.165,16.523,0.055999999999999994,
2011-06-01,14.37,0.08199999999999999,20.230999999999998,0.102,8.48,0.14300000000000002,17.203000000000007,0.057999999999999996,
2011-07-01,15.482,0.113,21.32,0.131,9.684,0.11,17.567999999999998,0.062,
2011-08-01,15.012,0.091,20.921999999999997,0.114,9.207999999999998,0.13,17.475,0.059000000000000004,
2011-09-01,12.912,0.083,18.89,0.14,6.997999999999998,0.147,16.762,0.057,
2011-10-01,10.352,0.087,16.075,0.08,4.85,0.115,15.873,0.059000000000000004,
2011-11-01,6.814,0.107,12.395,0.094,1.432,0.156,14.799,0.06,
2011-12-01,4.654999999999999,0.106,10.097999999999999,0.183,-0.6409999999999999,0.133,14.198,0.063,
2012-01-01,3.157,0.085,8.690999999999999,0.135,-2.233,0.11699999999999999,13.859000000000002,0.06,35470891.0
2012-02-01,3.628,0.102,9.379,0.084,-2.067,0.145,14.164000000000001,0.063,
2012-03-01,6.023,0.054000000000000006,12.025,0.08199999999999999,0.07499999999999996,0.16,14.863,0.061,
2012-04-01,9.675999999999998,0.055,15.679,0.129,3.689,0.14400000000000002,15.880999999999998,0.059000000000000004,
2012-05-01,12.59,0.109,18.611,0.10800000000000001,6.461,0.162,16.698999999999998,0.064,
2012-06-01,14.492,0.078,20.43,0.10099999999999999,8.505,0.14,17.252000000000002,0.06,
2012-07-01,15.076,0.076,21.006,0.079,9.229,0.113,17.45,0.06,
2012-08-01,14.72,0.069,20.709,0.079,8.84,0.218,17.42,0.06,
2012-09-01,13.04,0.069,19.074,0.09300000000000001,7.176,0.188,16.882,0.06,
2012-10-01,10.427999999999999,0.098,16.203,0.099,4.765,0.134,16.019000000000002,0.063,
2012-11-01,7.1560000000000015,0.11599999999999999,12.689,0.15,1.7959999999999998,0.127,15.001,0.064,
2012-12-01,4.102,0.09,9.498,0.149,-1.162,0.096,14.138,0.064,
2013-01-01,3.685,0.09699999999999999,9.255,0.154,-1.7260000000000002,0.08800000000000001,14.117,0.064,35837591.0
2013-02-01,4.2219999999999995,0.09300000000000001,9.95,0.057,-1.4720000000000002,0.14800000000000002,14.359000000000002,0.065,
2013-03-01,6.261,0.09,12.328,0.08900000000000001,0.17400000000000004,0.142,14.952,0.066,
2013-04-01,9.044,0.098,15.084,0.15,3.055,0.177,15.749,0.065,
2013-05-01,12.195,0.10400000000000001,18.107000000000006,0.139,6.263,0.196,16.608999999999998,0.065,
2013-06-01,14.568,0.09,20.44,0.158,8.685,0.165,17.257,0.062,
2013-07-01,15.003,0.126,20.737,0.1,9.33,0.153,17.503,0.068,
2013-08-01,14.742,0.129,20.596,0.12,9.014,0.179,17.462,0.068,
2013-09-01,13.154000000000002,0.10400000000000001,18.947000000000006,0.077,7.482,0.19399999999999998,16.894000000000002,0.064,
2013-10-01,10.255999999999998,0.077,15.994000000000002,0.1,4.663,0.135,15.905,0.062,
2013-11-01,7.423999999999999,0.079,12.965,0.113,2.016,0.11599999999999999,15.107,0.062,
2013-12-01,4.724,0.085,10.083,0.129,-0.5479999999999999,0.105,14.339,0.065,
2014-01-01,3.732,0.075,9.327,0.138,-1.7550000000000003,0.091,14.136,0.064,36138285.0
2014-02-01,3.5,0.068,9.146,0.073,-2.08,0.095,14.157,0.065,
2014-03-01,6.377999999999999,0.098,12.367,0.10800000000000001,0.436,0.139,15.09,0.068,
2014-04-01,9.589,0.111,15.529000000000002,0.09,3.617,0.193,16.038,0.069,
2014-05-01,12.582,0.068,18.362000000000002,0.158,6.613,0.166,16.804000000000002,0.059000000000000004,
2014-06-01,14.335,0.096,20.125999999999998,0.095,8.472999999999999,0.157,17.303,0.064,
2014-07-01,14.873,0.078,20.711,0.091,9.112,0.135,17.508,0.061,
2014-08-01,14.875,0.115,20.79,0.098,9.047,0.17300000000000001,17.607,0.064,
2014-09-01,13.091,0.086,18.865,0.106,7.399,0.155,16.975,0.059000000000000004,
2014-10-01,10.33,0.076,16.066,0.111,4.689,0.126,16.029,0.059000000000000004,
2014-11-01,6.712999999999999,0.121,12.284,0.124,1.3130000000000002,0.115,14.899000000000001,0.064,
2014-12-01,4.85,0.09,10.19,0.14800000000000002,-0.331,0.12300000000000001,14.41,0.062,
